-1.034852418894215420e+00,-1.177151394191213729e+00,-1.058287465696071239e+00,-1.167583649812771407e+00,-1.159984317753975702e+00,-1.129839298568518835e+00,-1.218279792266809824e+00,-9.613077432756996776e-01,-1.215192345358560466e+00,-1.250687320420857285e+00
-1.353174640695012698e+00,-1.434923447275033848e+00,-1.080321123395219240e-01,-1.394994612113135357e+00,-1.460319188330802209e+00,-1.406714338567783829e+00,-1.412231840230173008e+00,-1.177566032693534659e+00,-1.377001481084663803e+00,-1.091359565535672815e-01
-1.430883150219012467e+00,-1.582204673124020022e+00,-1.274433122566884125e+00,-1.432557217353810586e+00,-1.598744775776313132e+00,-1.367534911142560539e+00,-1.609979739923268038e+00,-1.327401130132452645e+00,-1.517450785280445968e+00,-1.646255915403966652e+00
-1.099271871379974064e+00,-1.110732745013698564e+00,-5.255646480271055632e-01,-1.116209809421406574e+00,-1.138224146339470888e+00,-1.156851202882975826e+00,-1.123570483917118779e+00,-1.060001652663376870e+00,-1.186226420431206741e+00,-1.220217054192593853e+00
-2.008706454481971715e+00,-1.486520287300276133e-01,-1.473729316023643376e-01,-1.963890605065382156e+00,-2.262139099219511174e+00,-1.858776069512731333e+00,-2.228912730531243280e+00,-9.842194727085247230e-01,-1.442859838358625746e+00,-1.494434113717803547e-01
-1.169428221560695258e+00,-1.485938832562200496e+00,-6.156292153745726026e-01,-1.496227355680145754e+00,-1.525510521675394138e+00,-1.429643598650438774e+00,-1.504134827909548777e+00,-1.274095002193684767e+00,-1.457462955321846110e+00,-1.629146446230117284e+00
-1.053857395417352016e+00,-1.096067250640763824e+00,-7.972995286638386858e-01,-1.290342132825241350e+00,-1.231404264968364748e+00,-1.106130871663295379e+00,-1.137909750087588323e+00,-9.981406304400517460e-01,-1.112140063509669430e+00,-1.277605777136070486e+00
-8.273533158843302537e-01,-8.576228564959139655e-01,-6.706457496671316409e-01,-8.992615237667851424e-01,-7.168501277966587981e-01,-7.462001476257394961e-01,-9.039197952448960738e-01,-8.161272671217228991e-01,-8.880027859548955682e-01,-9.274805959617740125e-01
-8.621077637872041066e-01,-8.837054600413827288e-01,-5.054461749045654484e-01,-9.455124230462419455e-01,-1.298908095943707153e+00,-7.072569292494574889e-01,-8.864689319040657267e-01,-6.500484770739919371e-01,-8.601763029549084338e-01,-1.009666135216536587e+00
-8.790573566201960176e-01,-8.258891096529545894e-01,-4.832946844347895676e-01,-1.074197106975170790e+00,-9.676143271437842586e-01,-8.254984668684980376e-01,-8.195333869464421772e-01,-8.398047083659462286e-01,-9.394838596604342396e-01,-1.108456152637933956e+00
-1.146358584126309754e+00,-1.173439168618007455e+00,-1.521632975321283443e-01,-1.263555268373519391e+00,-1.249092760641635769e+00,-1.173028167050634396e+00,-1.184048964715467056e+00,-9.868938377926789185e-01,-1.118446415236010516e+00,-1.246591125504117770e+00
-1.141472514488030443e+00,-1.167098158223356386e+00,-1.075251508374674758e+00,-1.204289267546421627e+00,-1.261475537359266985e+00,-1.183399782442257742e+00,-1.158020224431174583e+00,-9.826597803361020178e-01,-1.092708078695123985e+00,-1.239387979778457716e+00
-1.127856956911617914e+00,-1.122510832386306223e+00,-1.804925752528727667e-01,-1.322003910137102167e+00,-1.319567795420565126e+00,-1.185902927488956538e+00,-1.143722276208690491e+00,-9.245610120369336382e-01,-1.077268876861326330e+00,-1.228592832909761734e+00
-1.034189518365949967e+00,-1.057593499152613470e+00,-1.030584547408645246e+00,-1.118599082573748404e+00,-1.135416301986644783e+00,-1.074188105102742430e+00,-1.096988178216556920e+00,-8.605455411473620364e-01,-1.057911210844397987e+00,-1.209901818516799565e+00
-8.182145337986036493e-01,-8.050571592109400099e-01,-7.483127364461013009e-01,-1.065890142413122854e+00,-9.854607596336322217e-01,-8.409208733641707623e-01,-8.083762882440211905e-01,-7.604641777310954254e-01,-8.228325758300309989e-01,-9.813538565799846403e-01
-9.712327533627467258e-01,-1.020047653975981072e+00,-1.013674258003247175e+00,-1.172298399783758160e+00,-1.281048746192253507e+00,-1.048798358996079871e+00,-1.063457502646087960e+00,-8.439598802664168842e-01,-9.848979120320219272e-01,-1.240087725015403874e+00
-1.198791831487600490e+00,-1.089967981569929689e+00,-1.193620139839317862e-01,-1.285673524965240677e+00,-1.354510419369075791e+00,-1.291429987091334830e+00,-1.289706299019299562e+00,-1.063597643138310289e+00,-1.196008808331497919e+00,-1.289878547086733773e+00
-1.319107839843071561e+00,-2.532381823668823917e-01,-2.495038669427540601e-01,-1.494535653659290642e+00,-1.839532973392516535e+00,-3.564917430114732166e+00,-2.538427875022266078e-01,-2.470010852626287334e-01,-2.526539282459523417e-01,-2.555643009275566091e-01
-2.167269576519513130e+00,-2.369095691493591449e+00,-4.887716541227007938e-02,-2.274495164729263497e+00,-2.553596549446265129e+00,-2.379459776522562464e+00,-2.466143064016630859e+00,-1.727992929155073520e+00,-2.278494183845634069e+00,-4.910048576780493002e-02
-1.921837468492825662e+00,-2.004805429435339015e+00,-5.052105795130271693e-01,-1.409836162888121525e+00,-1.007642469717493272e+00,-1.325506348683037627e+00,-2.065439106168484251e+00,-6.281370821804177496e-01,-1.644795126720826950e+00,-1.817982957423258661e+00
-8.135264842040150768e-01,-7.273004419878225102e-01,-8.119910212178484965e-01,-1.464606330739819162e+00,-1.716637192789353783e+00,-1.667157282812669061e+00,-7.236482835942802394e-01,-8.049566981676696820e-01,-1.674814336154708316e+00,-1.789829589994369696e+00
-1.578873657384985973e+00,-1.576087890848962836e+00,-1.231726151849616313e+00,-1.684478724563056806e+00,-1.317109418362392592e+00,-1.945720462961793906e+00,-1.702519071747029100e+00,-9.759744310011805313e-01,-1.468352475343223773e+00,-1.924797842426476446e+00
-1.058610058224020323e+00,-1.070736969724711773e+00,-1.255943412916311841e+00,-1.050869504224618778e+00,-1.178391661118088685e+00,-1.471139266693237690e+00,-1.220006937064405106e+00,-8.807619976901640557e-01,-1.059400807045659976e+00,-1.521478194125584826e+00
-1.100767232970669918e+00,-1.200991186181196824e+00,-8.357205445478307348e-01,-1.242970654146345000e+00,-1.249768493169760575e+00,-1.189336354760087255e+00,-1.192893658538004109e+00,-1.062167812104620301e+00,-1.209157718352028121e+00,-1.202722703502773438e+00
-1.128599102977754454e+00,-1.095306948346503439e+00,-7.452501258441012189e-01,-1.083111638005200383e+00,-1.202950225769067627e+00,-1.057950413694295655e+00,-1.165946884905016301e+00,-9.747096492283434666e-01,-1.073993632917310093e+00,-8.057874719094387794e-01
-1.011195994291035793e+00,-1.018301235942309813e+00,-7.385993962743929719e-01,-9.283044524553525356e-01,-1.225021912368391419e+00,-1.036205389916044162e+00,-1.015197977192666468e+00,-9.506127430798760880e-01,-9.475450180921933807e-01,-7.979625285483424868e-01
-1.963407290038022612e+00,-2.105763586631560713e+00,-1.755797592574803501e+00,-1.987205468499041450e+00,-2.132882770569473951e+00,-2.196666190552741149e+00,-2.256833383539051496e+00,-1.636728299261693831e+00,-2.174704263265347937e+00,-2.437702522405697625e+00
-1.979783729823960670e+00,-2.125848151437468747e+00,-1.756953949715531982e+00,-2.024341026728185611e+00,-2.149425873994592173e+00,-2.155204913047120030e+00,-2.212933119719937558e+00,-1.617333381959759064e+00,-2.149285233389587546e+00,-2.517546021199806194e+00
-1.775537149212976340e+00,-2.066017540058745272e+00,-1.819405401622493867e+00,-1.810542117006966212e+00,-1.898156953082955400e+00,-2.133562236426407743e+00,-2.273606581011945682e+00,-1.414066436902891910e+00,-2.243983259178767398e+00,-2.381603716287552519e+00
-9.300281154452880727e-01,-1.044741684099532941e+00,-8.373854959245864427e-01,-1.081801655620089120e+00,-1.115702194310989714e+00,-1.091100667526125223e+00,-1.376959093884832841e+00,-1.065374920295363736e+00,-1.185733358375992141e+00,-1.362187340900830268e+00
-1.574265154127482358e+00,-1.659486518032125213e+00,-1.501237908261080500e+00,-1.739551350292240173e+00,-1.702977677026224379e+00,-1.635931944027170903e+00,-1.726349786546680143e+00,-1.133193972035557051e+00,-1.465197890288310045e+00,-1.820265226131160263e+00
-2.053782972801019735e+00,-2.297931973575708664e+00,-1.828888349778638789e+00,-2.136873151138140692e+00,-2.358151686175216533e+00,-2.288660320267091208e+00,-2.442147361838021169e+00,-1.582992658044932055e+00,-2.248735807293761546e+00,-2.505684009687950020e+00
-7.114020959268080313e-01,-9.924227008626990143e-01,-7.786550907580822578e-01,-1.035679277953579280e+00,-9.977065303087575554e-01,-8.368266308830332179e-01,-1.001727547387043282e+00,-7.291470449271730825e-01,-9.890599228512872987e-01,-1.105539900138597487e+00
-1.625253333881978790e+00,-1.924541479956328738e+00,-6.730843829571946380e-01,-2.195643159505840103e+00,-2.147112208928463328e+00,-1.791618588292793302e+00,-2.120084041390850604e+00,-9.913978986206708477e-01,-2.039428135051112534e+00,-2.778244417604303962e+00
-1.562008778217930605e+00,-1.708720915749254443e-01,-1.691798959138010594e-01,-1.903427662609585624e+00,-2.138503737634605883e+00,-1.894814235486105503e+00,-2.060291914668472391e+00,-1.462533865996557436e+00,-1.953608340011885103e+00,-2.382703174392584167e+00
-1.513567917648600547e+00,-8.720927757145786607e-01,-8.261005200660155312e-01,-1.899887877819919968e+00,-2.043075302775446467e+00,-1.880182821256727976e+00,-1.863304246173856704e+00,-1.479823755934866591e+00,-1.840512088888131670e+00,-2.301728328874943941e+00
-1.504237899611416740e+00,-1.675172609740545271e+00,-6.078718063093510038e-01,-2.235127490194257049e+00,-2.898552631849538930e+00,-1.793747338158248050e+00,-2.198835500592705827e+00,-1.172445421209159733e+00,-1.895350480804455007e+00,-2.808936263213093198e+00
-2.008402884388329479e+00,-2.265268457476433905e+00,-6.548312809827080416e-01,-2.452140811824911282e+00,-2.991322182846549715e+00,-2.522143836436858244e+00,-2.865845333034501952e+00,-1.904651272925200312e+00,-2.664080945407943268e+00,-4.765097526396674610e+00
-2.008402884388329479e+00,-2.336578834687728978e+00,-6.548312809827080416e-01,-2.502320885222540259e+00,-2.991322182846549715e+00,-2.585420979286125576e+00,-2.865845333034501952e+00,-1.941081581878423057e+00,-2.793259299383888727e+00,-4.765097526396674610e+00
-1.066583297465044655e+00,-6.788227035680889365e-01,-6.249077956863831051e-01,-1.100431139417642479e+00,-1.199845027857212809e+00,-1.368933798522826262e+00,-1.243317613537290534e+00,-7.050867137383540761e-01,-1.125912641253097979e+00,-6.662416192055468089e-01
-7.111326279486411828e-01,-6.991759414712164222e-01,-6.699380035381929943e-01,-1.019275067856412198e+00,-8.976991619045454618e-01,-1.222797259158901584e+00,-1.098237213501171761e+00,-8.150209264707807266e-01,-9.801649630084224851e-01,-7.179601932534332986e-01
-1.885969496562337255e+00,-2.027434588418119521e+00,-1.599941256801936218e+00,-1.783509062299078352e+00,-1.845287017204762625e+00,-1.823447570708615073e+00,-2.148034166119118460e+00,-1.461230983934810101e+00,-1.788144904424101123e+00,-1.963448486053284592e+00
-2.350049048806932106e+00,-1.158611650952260236e-01,-1.150855700489385042e-01,-1.971269220348285778e+00,-2.372004236707305758e+00,-2.223705301160192604e+00,-2.533852159488453548e+00,-1.108942007126756391e+00,-1.268372391360053975e+00,-2.752932365545752269e+00
-1.698912772981709063e+00,-2.156775820174527514e+00,-1.726251854737468117e+00,-2.131347660502809216e+00,-2.308201448981531456e+00,-1.983743328614364865e+00,-2.114680509562063104e+00,-1.599460273412460110e+00,-2.080645506319577898e+00,-2.486540149928754495e+00
-1.687609600276353872e+00,-2.227681326651208327e+00,-1.582071798067397284e+00,-2.253613362096643868e+00,-2.200023967246394818e+00,-1.721364644690630774e+00,-2.288874248582655646e+00,-1.552088508946477097e+00,-2.122474680515504808e+00,-2.410639283290484602e+00
-1.752059593847811847e+00,-1.928367521325313083e+00,-9.353866485776420048e-02,-1.827078893666801207e+00,-2.298258352634900525e+00,-2.973793831889633754e+00,-2.496448403868083865e+00,-1.388723847772817210e+00,-2.381103316654538560e+00,-3.281617561512008674e+00
-8.993289542293514405e-01,-9.394048158627406053e-01,-8.525434462833162419e-01,-1.029526612746855641e+00,-9.780411981919503450e-01,-8.683881304292855319e-01,-9.289808499391771779e-01,-8.220725296767960044e-01,-9.960097068037220280e-01,-1.032413485784691609e+00
-1.171938306533756746e+00,-1.539914303846025456e+00,-6.130035895710961302e-01,-1.481131933922807065e+00,-1.508887033816285861e+00,-1.452995816226354986e+00,-1.552556269578708736e+00,-7.739026862903891635e-01,-1.502582139580206810e+00,-1.658067819601976245e+00
-7.905336325673799625e-01,-1.054142239761730826e+00,-6.092661529761431716e-01,-8.780438309072983172e-01,-8.655966846645609669e-01,-8.393941453411560838e-01,-1.089944010291351573e+00,-8.196963512563798515e-01,-1.014387715596344997e+00,-6.484109831739923724e-01
-2.091029489946409914e+00,-1.808191032903532003e+00,-7.025879270556948386e-01,-2.170602734665610711e+00,-2.443260074976990825e+00,-1.696243846672144784e+00,-2.563949758839967785e+00,-1.452480275468398307e+00,-1.772826615970965802e+00,-7.558273099916540394e-01
-2.220460678302939250e+00,-1.790152585809195562e+00,-7.671815381010526069e-01,-2.218018008372160566e+00,-2.320864402292492468e+00,-1.480515935207700862e+00,-2.098481922581709735e+00,-1.363616367642498828e+00,-1.769340788466514880e+00,-8.316882315056489672e-01
-1.813477595120769559e+00,-1.353314909883494677e+00,-2.986204286549232201e-01,-1.855110183771568444e+00,-2.015477073220487192e+00,-2.001472075641374193e+00,-2.064039205462896209e+00,-1.367574358825121683e+00,-1.957167709468426553e+00,-1.025902025293100817e+00
-1.475275046535670986e+00,-1.471616479616242978e+00,-1.198512724811921837e+00,-1.303153617292646560e+00,-1.522447412644955866e+00,-1.432887670142545700e+00,-1.627184993400089486e+00,-1.338425114971075525e+00,-1.571859988138320841e+00,-1.659819193019004713e+00
-1.549378813928248055e+00,-3.179500129140487186e+00,-1.009336137484619256e+00,-3.245686029350966173e+00,-3.530105909243755224e+00,-3.012755249207001107e+00,-3.337432010341686350e+00,-1.933710735083934429e+00,-3.037590696487390218e+00,-3.858568927150582528e+00
-9.915833987926907511e-01,-1.048922452938725103e+00,-6.272693622403787694e-01,-3.672893510710873333e+00,-4.146529445338168252e+00,-2.456707354424689793e+00,-3.820134003257283695e+00,-1.154303893992970842e+00,-2.414381263724019178e+00,-3.238979521757276991e+00
-1.674963680982310521e+00,-2.333937418860754787e-01,-2.302253727071003342e-01,-1.776853142498863392e+00,-1.818962524268828762e+00,-1.595197336608546790e+00,-1.795765050427361009e+00,-1.025179049530687614e+00,-1.700222486707583247e+00,-2.353647732255444158e-01
-1.722091753893331356e+00,-1.953814870763819211e+00,-1.508077054874431333e+00,-1.890801963275204001e+00,-1.966324935274115671e+00,-1.853711340674781827e+00,-2.101176434842130014e+00,-1.473194801756501082e+00,-1.908209650704190352e+00,-2.115485687291298600e+00
-1.118019315145824866e+00,-1.166541954575344153e+00,-1.168357436635760305e+00,-2.227471298117460474e+00,-2.765988463911922324e+00,-3.564917430114732166e+00,-1.207459131222811344e+00,-1.116796993665991389e+00,-1.919572857618264461e+00,-3.222080245693661027e+00
-1.093230063878702474e+00,-1.128414711262945458e+00,-1.075339203725282466e+00,-1.147150155090344903e+00,-1.313553240514136133e+00,-1.426555592529650474e+00,-1.145642466951495297e+00,-9.726653945285860248e-01,-1.235128396672229067e+00,-2.590185016257274819e-01
-7.792912254678295847e-01,-1.592068186537280328e+00,-8.553690912148922409e-01,-1.557314366626717961e+00,-1.585502325079938934e+00,-1.631000911480868121e+00,-1.652104890106879997e+00,-1.080204973915117606e+00,-1.505744070385010236e+00,-1.974641894362819228e+00
-1.757808371426542893e+00,-2.241051928118244607e+00,-1.460775803982571341e+00,-2.059315573072857397e+00,-2.240496584316475470e+00,-2.195331182844860507e+00,-2.289193131106364909e+00,-1.526899782241080139e+00,-2.092157649591246837e+00,-2.476250136460638629e+00
-1.485828211223782391e+00,-1.853809572937973327e+00,-1.482717037161746410e+00,-1.865711239657469989e+00,-1.826983276864171168e+00,-1.863222434140129113e+00,-1.965629808777957344e+00,-1.307490127895255538e+00,-1.807044607784306756e+00,-2.075780643278442028e+00
-1.380520947594189973e+00,-2.243232718275782744e+00,-8.688921219847072219e-01,-2.012967618279846604e+00,-2.056406345401199154e+00,-2.009594795845787818e+00,-2.424476297877866227e+00,-1.354777454956394678e+00,-2.099482703160075570e+00,-2.496063678954107523e+00
-1.218870438465929462e+00,-1.737524321348138390e+00,-1.202714443974788328e+00,-1.737152858304848335e+00,-1.833213439588836424e+00,-1.866088129102868587e+00,-1.847764619003500419e+00,-1.132520016793281847e+00,-1.774684873163093091e+00,-2.120611479044793413e+00
-1.724703936558538375e+00,-2.277243457273909755e+00,-1.468689261197271279e+00,-2.081365766093405067e+00,-2.174171382494482607e+00,-2.066681955273829363e+00,-2.401260581051937848e+00,-1.485850042615037614e+00,-2.131827701556735288e+00,-2.586470469479154044e+00
-1.546305003464720107e+00,-2.160736212317984073e+00,-1.206195981361110059e+00,-1.986379426557436156e+00,-2.060783681492341923e+00,-2.006507735198293396e+00,-2.257730872894112117e+00,-1.454341757290147141e+00,-2.079881358339301656e+00,-2.499638970849649589e+00
-1.260871442568712641e+00,-1.859573659386186240e+00,-1.434038282932045716e+00,-1.821100623914209127e+00,-1.901626982502707452e+00,-1.970607383197462203e+00,-1.955968104177567612e+00,-1.332058764314544064e+00,-1.797659985133708060e+00,-2.178561443714179369e+00
-1.517328523078493863e+00,-1.971072598966025380e+00,-1.153764461112562811e+00,-1.908965376686357018e+00,-1.943334546487077485e+00,-1.856371006211300134e+00,-1.976340674509007078e+00,-1.320626932473234705e+00,-1.810611327874924514e+00,-2.235838606384521920e+00
-1.182548472632024117e+00,-1.740461295707096623e+00,-1.383151998951159145e+00,-1.557548215207720022e+00,-1.672416079277202705e+00,-1.872032088773464054e+00,-1.777764123095919802e+00,-1.228537069029700168e+00,-1.853967780616880612e+00,-2.129716175566678249e+00
-1.244912723110903396e+00,-1.920831561920191444e+00,-1.198921491566950825e+00,-1.699004243000920678e+00,-1.833786823257740339e+00,-1.664257011882786408e+00,-1.882084949647439887e+00,-1.269648000193357440e+00,-1.781840363257405357e+00,-2.149001471929737228e+00
-1.321037476096099450e+00,-1.928240029527561017e+00,-1.327166221175360095e+00,-1.787933777356690346e+00,-1.894245256453874759e+00,-1.849786778488365035e+00,-1.937787994713710660e+00,-1.338999652135602902e+00,-1.881987980220292345e+00,-2.218060792986254359e+00
-1.287976592339060922e+00,-1.487174539744128721e+00,-1.428778448926672606e+00,-1.619100538796997224e+00,-1.915735384282930331e+00,-1.860165751027075487e+00,-1.470525768846851378e+00,-1.158510151472676331e+00,-1.657168296014715603e+00,-2.217968881888871202e+00
-1.265106548975701850e+00,-1.912681351113339812e+00,-1.440765214606205991e+00,-1.893251290654414332e+00,-2.048201026815214654e+00,-2.194722589169681992e+00,-1.987962378520941931e+00,-1.282184478528866300e+00,-2.065747855505517538e+00,-2.483612798161908941e+00
-1.416729990529875582e+00,-1.961547406226382462e+00,-1.234172546814312321e+00,-1.776613812818027105e+00,-1.899115769598989756e+00,-1.880876346221340256e+00,-2.062953657533283192e+00,-1.396113953739683611e+00,-1.952146989305999059e+00,-2.132820993811439969e+00
-1.402170499769577194e+00,-1.766732140272571749e+00,-1.407856412749798114e+00,-1.714074219815961975e+00,-1.801473273153697319e+00,-1.858874926932661875e+00,-1.784369046186687235e+00,-1.389558136293950641e+00,-1.737336242217072391e+00,-2.211641607573868740e+00
-1.200695454896073988e+00,-1.772511910521201717e+00,-1.394884705427016591e+00,-1.583241656162435174e+00,-1.678938018059549453e+00,-1.683640837637428778e+00,-1.728776737587956802e+00,-1.225581442704740454e+00,-1.738803875224948170e+00,-2.080348160251375589e+00
-1.102902167306863523e+00,-1.136079752429635992e+00,-1.079038087849739647e+00,-1.106142940822406384e+00,-1.068845066625914830e+00,-1.075615582643909551e+00,-1.106286069418608742e+00,-9.678621314696053135e-01,-1.113723691172981756e+00,-1.186993910549322795e+00
-1.490997027703663269e+00,-1.555420965691144852e+00,-4.125506983860808830e-01,-1.362852016851046288e+00,-1.379162129334037479e+00,-1.280367289241103990e+00,-1.622712835242769769e+00,-6.218555967895382786e-01,-1.237855183154373151e+00,-1.559892798240338996e+00
-1.291433150036907396e+00,-1.399476694844608016e+00,-4.027639335317531044e-01,-1.253446826114938739e+00,-1.172588961961299248e+00,-1.267880894599225705e+00,-1.347644303997713955e+00,-9.054067351812261633e-01,-1.211449685000091980e+00,-1.357681534463839768e+00
-1.273724953491509160e+00,-1.374195518614604428e+00,-3.998275375769959616e-01,-1.209840805856874146e+00,-1.248118226144698362e+00,-1.232293800874772360e+00,-1.320138502758960053e+00,-9.143289544069835850e-01,-1.202234044775065458e+00,-1.339595027757632950e+00
-2.338512439194968984e+00,-2.427340429950422429e+00,-1.610443492328605952e+00,-2.457079845266538776e+00,-4.146529445338168252e+00,-2.183949078206654182e+00,-3.820134003257283695e+00,-1.667882275140192716e+00,-2.499487816686114083e+00,-4.765097526396674610e+00
-2.966793120401717498e+00,-6.634319022201865534e-01,-6.371656577241454622e-01,-6.652870785028528466e-01,-8.221283504735042991e-01,-1.295165925270065799e+00,-6.677716053290674303e-01,-6.200718363776138720e-01,-6.592614883707261786e-01,-6.802629028374794773e-01
-9.291324532403433256e-01,-9.618564244996140600e-01,-3.145195565533693838e-01,-9.731622144909749528e-01,-9.209730766214008213e-01,-8.101586932009269271e-01,-9.018151623109873505e-01,-7.892065953092677333e-01,-9.480308824286648450e-01,-9.022345591790071895e-01
-6.413684820815822585e-01,-6.797215461781691559e-01,-3.114950405453484894e-01,-7.617928006452380219e-01,-8.163175739628238947e-01,-8.125160326727491888e-01,-7.940794944565384705e-01,-7.697810630870740578e-01,-8.085213886684242679e-01,-3.210654615017788927e-01
-1.264862617155699809e+00,-1.315909105893648512e+00,-2.507309413708738721e-01,-1.438490625410941970e+00,-1.449829508907549913e+00,-1.356388077995172248e+00,-1.396999091738527543e+00,-8.357048522564773929e-01,-1.343719293267880310e+00,-1.533153098502644696e+00
-5.859675736878658947e-01,-4.260237015403872118e-01,-4.153477152319623444e-01,-9.986937527852364216e-01,-8.221283504735042991e-01,-8.023389187101680475e-01,-1.076603044693366318e+00,-8.958748102369500366e-01,-9.846696310589092560e-01,-4.327511348231520838e-01
-1.451480077982432615e+00,-1.501549242508174009e+00,-9.026319656132194558e-01,-1.630600549568500535e+00,-1.588290158493421478e+00,-1.501050455409470796e+00,-1.505473328850264636e+00,-1.278616617332464012e+00,-1.720707236435162768e+00,-1.936581141212521118e+00
-1.546219132882482805e+00,-1.379027673471699744e+00,-1.017509243845960532e+00,-1.225926485850386438e+00,-1.377351411001991099e+00,-1.575532842918001109e+00,-1.355413984929900284e+00,-1.361732016473873985e+00,-1.359549278007775364e+00,-1.685280456875606570e+00
-1.649947829056672033e+00,-1.783288051194869439e+00,-6.109645082818806472e-01,-1.620439994270148398e+00,-1.430350701669770297e+00,-1.424711169353339191e+00,-1.957197661350237095e+00,-6.480271166809510319e-01,-1.676999109656764464e+00,-1.790476645652404608e+00
-1.688475880333247359e+00,-1.426301030506468948e+00,-1.033100246307292025e+00,-1.557014460108704368e+00,-1.492148767730354431e+00,-1.513625846759904192e+00,-1.699421514910863573e+00,-1.232511469002235627e+00,-1.421945681237675840e+00,-1.878442474782009652e+00
-1.526206974216291368e+00,-1.707211871727067010e+00,-1.132275427911084043e+00,-2.195298614432677820e+00,-2.171603012253283893e+00,-1.636913074218913522e+00,-1.803261633166427957e+00,-7.935416197692971574e-01,-1.732757514175713220e+00,-2.629693069066018296e+00
-1.666849335262093668e+00,-2.678982209146158144e+00,-1.782039696466434231e-01,-2.114804970132420081e+00,-2.620986226344303560e+00,-2.573763793727150695e+00,-2.871132100269798038e+00,-1.865298473305874838e+00,-2.564181724908971560e+00,-3.094493210227712954e+00
-6.406070542179378435e-01,-9.604058703714407619e-01,-6.064442444329275483e-01,-6.920168440831619971e-01,-5.838401720636218206e-01,-9.149765056511958150e-01,-8.032414634488851402e-01,-5.862411577994904865e-01,-6.548990671807826125e-01,-8.713108394137113466e-01
-7.160124345326445150e-01,-1.017459360994363404e+00,-6.916470716506675220e-01,-9.547333882036862507e-01,-1.031359017383679300e+00,-9.470547770062625048e-01,-1.065966346299918710e+00,-9.140387020984882538e-01,-1.031281522374576376e+00,-1.082078991904823484e+00
-7.047580569633299374e-01,-1.037123659655807772e+00,-6.892747833944592450e-01,-1.029173905461301386e+00,-9.734603407867886693e-01,-9.921288887082571062e-01,-1.069747931577582634e+00,-9.232663815957665721e-01,-1.047117121913503812e+00,-1.075878196226219607e+00
-1.832921265332115857e+00,-1.660502841389216666e+00,-1.495521333929618335e-01,-2.326049840929824253e+00,-2.851070942326221047e+00,-2.595232824128750337e+00,-2.571126093769378063e+00,-1.651485407744057055e+00,-2.382692362959533128e+00,-3.178001318390866636e+00
-2.033723325695257600e+00,-2.246027831287672250e+00,-1.089126729661226145e+00,-2.284715281991233748e+00,-2.479383226030565712e+00,-2.120310596909083412e+00,-2.370244076169951697e+00,-1.279861540953993293e+00,-1.865949708713628308e+00,-1.230963483363634037e+00
-1.576050457862070431e+00,-1.537687014869976165e+00,-6.681797873295212131e-01,-1.573874527403152035e+00,-1.912969000732724245e+00,-1.500566927188015764e+00,-1.700426881979673954e+00,-1.044724553703118008e+00,-1.927557718421036181e+00,-2.100583057883775417e+00
-2.045706455832960735e+00,-2.504719674123569995e+00,-2.016482174807549210e+00,-2.143969738976213790e+00,-2.238782305358976821e+00,-2.119805786438552886e+00,-2.340954144802318559e+00,-1.564990307918959322e+00,-2.276664576358357728e+00,-2.465147136636303582e+00
-1.165552921970737010e+00,-1.497581604670097821e+00,-6.156292153745726026e-01,-1.502116462437209643e+00,-1.525510521675394138e+00,-1.424264734762121565e+00,-1.504134827909548777e+00,-7.840911091975473202e-01,-1.468633646380335112e+00,-1.672266721843859827e+00
-1.164080279288910891e+00,-1.528069871869428109e+00,-6.130335574086934747e-01,-1.440634843308375546e+00,-1.542152804063280591e+00,-1.447656599133835043e+00,-1.540270698519605075e+00,-7.740188785720998332e-01,-1.503526850055828756e+00,-1.637335601494515513e+00
-2.082010007522234751e+00,-1.266147989827074216e+00,-3.437036611176418066e-02,-2.224360280199373818e+00,-2.428257147599792276e+00,-2.180714013215157898e+00,-2.399924238307772129e+00,-1.554424993007788913e+00,-2.118727484469454581e+00,-2.725630782048174439e+00
-1.768438192027131928e+00,-2.015118022269714704e+00,-9.336946242145172103e-01,-1.936004588390914938e+00,-2.042434131357782956e+00,-1.862559643661201747e+00,-2.038139970725115546e+00,-1.559443038144350480e+00,-1.916267754269270762e+00,-2.116120229218742210e+00
-1.202717231039381218e+00,-1.383912285106941198e+00,-5.445218839176185766e-01,-1.234188905294670180e+00,-1.659248918183401811e+00,-1.479337927991479562e+00,-1.074112487811295757e+00,-8.945169666325177849e-01,-9.830044290812953722e-01,-1.267405144463598532e+00
-1.899631610826042483e+00,-2.077494133730148906e+00,-6.806139677568741331e-02,-1.962640572930142824e+00,-2.162732297021524364e+00,-2.381396908329620477e+00,-2.374268953097410595e+00,-1.617697399781137912e+00,-2.207045906098132448e+00,-2.599970383020956177e+00
-6.911213316275511831e-01,-9.779707263616826962e-01,-7.591959096016386299e-01,-9.829218316013373924e-01,-9.931217154545801673e-01,-9.013499436136235277e-01,-1.036196018600302748e+00,-7.538907942260444361e-01,-1.021133209876472492e+00,-1.129678143885886721e+00
-6.252557671754878088e-01,-7.273366429540459865e-01,-6.956400458410724186e-01,-1.363052679891363583e+00,-1.019714948480008987e+00,-1.138177461866080487e+00,-1.343364938362942684e+00,-8.903841728997783367e-01,-1.544522924963694255e+00,-1.528599965129611382e+00
-7.716949541358731901e-01,-5.223625454094915632e-01,-3.850221182070208692e-01,-8.981367834489017987e-01,-6.493907728447256833e-01,-7.158637604132238597e-01,-7.969132081141847568e-01,-6.805455218006718487e-01,-7.720498650706375532e-01,-9.215903622036432097e-01
-9.937486205312041632e-01,-3.849402735482135851e-01,-3.762452390424372850e-01,-8.843705588979769994e-01,-1.273192795747837724e+00,-8.518615238356945785e-01,-8.134782908738820151e-01,-4.782130757175577784e-01,-5.354716713811301654e-01,-1.035619757270266117e+00
-1.366897385887265060e+00,-5.815450112343127920e-01,-5.614643174888926946e-01,-1.242423348453191245e+00,-1.370899669670720966e+00,-1.448304290914463666e+00,-1.442182585342926648e+00,-7.116470132660713821e-01,-1.311092716949040726e+00,-9.229704155634617102e-01
-7.680129895919377558e-01,-7.073335984669975041e-01,-6.383655339229763470e-01,-1.232785384955837227e+00,-1.077132062045721206e+00,-6.997976524799112141e-01,-7.088554796948531855e-01,-7.491198658647924002e-01,-7.665819493436656362e-01,-1.152535655458241548e+00
-1.383457241202129540e+00,-1.424038904856997911e+00,-1.137547390164310501e+00,-1.425628428604401421e+00,-1.446833898972775145e+00,-1.291855942378725919e+00,-1.399530049953557231e+00,-1.116866440759769707e+00,-1.418213865589850187e+00,-1.524141957011042381e+00
-1.341777399966267659e+00,-1.440824267122740254e+00,-6.070554989023752013e-01,-1.432183783108224473e+00,-1.437144550960989697e+00,-1.333600602561305859e+00,-1.399875938536827791e+00,-1.134362739379462637e+00,-1.393413038122560899e+00,-1.464998691669200159e+00
-9.857554259323222379e-01,-1.118385163494052481e+00,-2.703002988278289664e-01,-1.122465755191544678e+00,-1.210316446328451034e+00,-1.145597747924691712e+00,-1.131873193513285969e+00,-9.960059021688126846e-01,-1.112206153897931982e+00,-1.263332416219649978e+00
-2.125029473382491929e+00,-1.323396332243498008e-01,-1.313267908554787144e-01,-3.672893510710873333e+00,-4.146529445338168252e+00,-3.219202172654426430e+00,-3.301082113813369023e+00,-1.885670585915284470e+00,-2.967734203687687700e+00,-4.765097526396674610e+00
-2.315307393032580485e+00,-1.357577831813922831e-01,-1.346917390796731062e-01,-3.672893510710873333e+00,-4.146529445338168252e+00,-3.054532125239544538e+00,-3.820134003257283695e+00,-2.022311669476942075e+00,-3.010867984128816843e+00,-4.765097526396674610e+00
-1.662743230262083483e+00,-1.063941977889355517e+00,-6.063685443244819506e-01,-9.529174490155853938e-01,-1.336998680220418345e+00,-1.422755118476202840e+00,-1.700123048150987914e+00,-3.547483460516359655e-01,-1.470117811645201833e+00,-1.798668711935599740e+00
-2.046048613493394619e+00,-7.374760245823585025e-01,-4.422275892880079273e-01,-2.168338818452820949e+00,-2.225423801906304178e+00,-1.612432578187606991e+00,-2.092065393453325761e+00,-8.008709196271303066e-01,-2.133472054402536067e+00,-2.674200468038773870e+00
-9.127596752826792059e-01,-9.439085507754132465e-01,-1.241425112721816104e+00,-1.679307045617783434e+00,-1.541850719807361880e+00,-1.771724383597034658e+00,-9.691623465706304952e-01,-7.717054418568599639e-01,-1.719148799866945021e+00,-2.865955332716857207e+00
-8.815523186110849618e-01,-8.926881009837458469e-01,-1.095493759642528930e+00,-1.406918904186437169e+00,-1.915022679564167607e+00,-1.714665111431344702e+00,-9.332294623996032490e-01,-8.222070326152449704e-01,-1.145404075574697256e+00,-1.730011838486262388e+00
-1.674789564196260017e+00,-1.191811445602789510e+00,-1.592570143137796324e+00,-2.603044697077859571e+00,-2.756103992717726214e+00,-1.835495244161415851e+00,-1.318653972419184361e+00,-1.060837579520299334e+00,-2.109360653381981976e+00,-2.565386574654725305e+00
-2.358170983433287571e+00,-2.888894803419099766e+00,-1.031985379172567774e-01,-2.444605363995203895e+00,-2.761716633381171349e+00,-2.847251082477980422e+00,-3.016019862269411433e+00,-1.962057942644115816e+00,-2.750279099501968805e+00,-1.042048441039498397e-01
-1.831471736608209167e+00,-3.147070602658736949e+00,-6.073510957508081454e-01,-2.764607301622790558e+00,-4.146529445338168252e+00,-3.564917430114732166e+00,-3.820134003257283695e+00,-1.602545074922930635e+00,-2.874933850571179228e+00,-4.765097526396674610e+00
-2.541147823881183765e+00,-2.816370486587498778e+00,-1.003041604732250909e-02,-2.417173671293356030e+00,-2.763690873320995056e+00,-2.778366577832952267e+00,-2.971090083224084299e+00,-1.885400918909289292e+00,-2.706808690626447689e+00,-3.334021473202435804e+00
-2.355365736617720529e+00,-1.003620151280050325e-02,-1.003041604732250909e-02,-2.418275814837139936e+00,-2.733482038322614383e+00,-2.662213484612860448e+00,-2.808959295824728919e+00,-1.818894832612498513e+00,-2.457200603998586086e+00,-3.071275510838647804e+00
-2.459129309107082939e+00,-2.770347679856592915e+00,-1.003080641401696629e-02,-2.414649312210065180e+00,-2.787171647377468808e+00,-2.810677031512200053e+00,-2.991638259066252026e+00,-1.890022757995982294e+00,-2.731173994160620566e+00,-3.348010403480459640e+00
-2.024433077682235016e+00,-2.603948287349184376e+00,-1.032126431158102847e-01,-2.079820246780676563e+00,-2.549673643867205186e+00,-2.798537153856893056e+00,-2.912198617119220234e+00,-1.963355738782631921e+00,-2.779409224988167448e+00,-3.344641720542807839e+00
-1.021863389767766472e+00,-2.166046720729416730e+00,-1.699630106052943956e+00,-2.143358577046215796e+00,-2.173110219847888658e+00,-2.124679889757272289e+00,-2.276289918780192156e+00,-1.705803149505408234e+00,-2.165714925183523043e+00,-2.428212358170182661e+00
-9.211270113689430383e-01,-1.872360230883437060e+00,-1.617914325425856337e+00,-1.856830444599369079e+00,-1.824041816073774580e+00,-1.849932019690744500e+00,-1.913105403786393710e+00,-1.522374406829775761e+00,-1.848190864936785971e+00,-2.080543341873907881e+00
-1.659408370902118346e+00,-2.062779259053996395e+00,-1.755634261166615806e+00,-2.262649269432455146e+00,-2.420004670422557069e+00,-2.236974245607877609e+00,-2.237052573029612468e+00,-1.661389327430738527e+00,-2.123815320442619115e+00,-2.666436771133589012e+00
-1.636998704148396211e+00,-2.262346988333642006e+00,-2.220766880480134819e+00,-3.250942254820001764e+00,-3.593737353782146648e+00,-3.078405747916124202e+00,-2.808334700022461217e+00,-2.045025441768404395e+00,-2.881018089065736643e+00,-4.052561810976320622e+00
-1.373811711245221057e+00,-2.115055703929883624e+00,-1.317743283034055191e+00,-2.603257476622698352e+00,-2.756348995225855525e+00,-1.763715848664472841e+00,-2.214801792132478742e+00,-1.521550408981390268e+00,-2.033993496578355487e+00,-2.868157756061605390e+00
-9.511978690720696017e-01,-8.672472010708160983e-01,-1.390977012468663343e+00,-1.534664292049140233e+00,-1.388197979149693229e+00,-1.867071434970740906e+00,-1.596328511296841723e+00,-1.287989749923486693e+00,-1.539892882078778946e+00,-1.847618936309186388e+00
-2.073418453914061210e+00,-2.301224059489096696e+00,-1.033693648556919253e-01,-2.176841693035873604e+00,-2.885210599264942388e+00,-3.023110958052346309e+00,-2.953391230867714601e+00,-2.026311517383455385e+00,-2.934737770429745485e+00,-3.531353301840062020e+00
-1.752929355977209003e+00,-1.875499740061398413e+00,-6.162704839688937231e-01,-1.749669165601941190e+00,-2.228658359566169533e+00,-2.187175071289071848e+00,-1.979861147121674048e+00,-1.555225657176295906e+00,-1.944076013728054386e+00,-2.456670963536107699e+00
-1.135699516934981501e+00,-1.171691380334919375e+00,-1.157309174997861900e+00,-1.373844755946634688e+00,-1.585352637211485227e+00,-1.736511396012426989e+00,-1.228750056344866559e+00,-1.059016777522728159e+00,-1.429496826477024030e+00,-1.935691392518620990e+00
-1.123632446100523818e+00,-1.214349704650871109e+00,-1.058083685934642304e+00,-1.168832444832590634e+00,-1.116912513117100936e+00,-1.096665410900769411e+00,-1.229900986279804709e+00,-1.000220597719743809e+00,-1.170399530927978438e+00,-1.234586917659355576e+00
-1.385739801238462965e+00,-1.425969769467154258e+00,-1.066659704422362687e+00,-1.320927850748537580e+00,-1.910395988876008033e+00,-1.526377592640189018e+00,-1.640343287087953295e+00,-1.211225961008612462e+00,-1.502582139580206810e+00,-1.837520225781200667e+00
-1.493740622065246937e+00,-1.640485723315463495e+00,-7.510025547558730752e-01,-1.770824727376835828e+00,-1.761134463344437240e+00,-1.829827931394693463e+00,-1.884794850490037144e+00,-1.255116471390930633e+00,-1.822940977013176589e+00,-2.163763719018265697e+00
-1.072927834175308348e+00,-5.473611227301722337e-01,-5.296088221459294143e-01,-1.259361698163993903e+00,-1.110467227718821226e+00,-1.174477512523894873e+00,-1.219971197021138876e+00,-8.662411870804161973e-01,-1.218688817394976587e+00,-1.425057226054584181e+00
-1.097306186865762090e+00,-1.084247409926347272e+00,-4.933125088303659256e-01,-1.255286155640483514e+00,-1.089098116392495097e+00,-1.235790503998773771e+00,-1.261441233318142841e+00,-9.766255725368682139e-01,-1.272026278782289133e+00,-1.337054452088995538e+00
-1.444272039631498084e+00,-1.444616019249954197e+00,-1.063697683903012781e+00,-1.415688945359849571e+00,-1.573875803063705225e+00,-1.565451928230236822e+00,-1.588990805550191343e+00,-1.257083729760682722e+00,-1.456102632983146572e+00,-1.721330518848764424e+00
-1.543904904263753819e+00,-1.507200520585849413e+00,-7.509290435643225514e-01,-1.799635424305597198e+00,-1.801469270626403496e+00,-1.736977104766875168e+00,-1.781368972867952483e+00,-1.075645567028995053e+00,-1.792792339429729820e+00,-1.911676600918254865e+00
-1.217306288721480723e+00,-5.497716944713840759e-01,-5.318600630423976350e-01,-1.238022121471614279e+00,-1.382226157858325477e+00,-1.109261323887955175e+00,-1.177362482859624082e+00,-8.518847677569293397e-01,-1.173362135137066220e+00,-1.460557525145306679e+00
-1.114290676485456766e+00,-9.960404416613197753e-01,-4.949003295711756345e-01,-1.034023752888305836e+00,-1.198985452734423252e+00,-1.138077329512330094e+00,-1.164496741390645518e+00,-8.243082780869103177e-01,-1.286436025941234185e+00,-1.340323804001607222e+00
-8.586839207532659390e-01,-1.004727643067729215e+00,-9.096567598426186230e-01,-7.166293744306257985e-01,-1.082868887321482676e+00,-8.847679066468802089e-01,-1.069671534668219737e+00,-9.367467256543575704e-01,-1.047044117016840303e+00,-1.088512165044689839e+00
-8.998952288707486868e-01,-9.604584147346144629e-01,-7.299239535565239523e-01,-9.539449688114808312e-01,-1.103962080481941666e+00,-8.857272860536005155e-01,-1.035722594960286402e+00,-9.620428021871995083e-01,-1.066669826153412659e+00,-9.718521021880688338e-01
-1.112401741568812330e+00,-1.020612339806909796e+00,-6.875620332835761239e-01,-1.066750923056130063e+00,-1.109966525464562537e+00,-1.054283883607548322e+00,-1.169098847968856880e+00,-8.461194740399060610e-01,-1.132602747905275598e+00,-1.226417995477264267e+00
-1.022907206263359514e+00,-1.514558335085332441e+00,-6.895182203730902959e-01,-1.386406478643817719e+00,-1.439545608773379781e+00,-1.483296575594933664e+00,-1.564387397497343013e+00,-1.100514643162692430e+00,-1.561776096428323157e+00,-1.670155544546361170e+00
-2.165989946236455577e+00,-1.183936068345615045e+00,-1.976421952430748252e+00,-1.489790283537578697e+00,-1.808374369218115119e+00,-1.143797284323159413e+00,-1.202183546985808427e+00,-1.015807147614237849e+00,-2.287441495842502892e+00,-2.227115208771374366e+00
-1.375562763260826937e+00,-1.460759376569426893e+00,-1.497828393469872621e+00,-2.058875098111773827e+00,-2.712035896187337425e+00,-2.583439015251325355e+00,-1.793871785014399256e+00,-1.261801188599529500e+00,-2.014815174408446818e+00,-2.939211594600296795e+00
-1.546455588945756299e+00,-1.834638246983338439e+00,-1.496125641841431486e+00,-3.672893510710873333e+00,-4.146529445338168252e+00,-1.915521856251343857e+00,-1.877343406409131443e+00,-1.036326039962412349e+00,-1.803955727878661319e+00,-2.530117529070013305e+00
-1.226949024812721722e+00,-1.576224663519750102e+00,-1.245722115833784338e+00,-2.435047362646985292e+00,-2.715743890284889162e+00,-1.864218934311519638e+00,-1.584099727848630179e+00,-1.093626946003139588e+00,-1.700306583568250929e+00,-2.472409989346370462e+00
-1.406559701545912588e+00,-1.497879360569339235e+00,-1.456328977259657043e+00,-2.135924450309763856e+00,-2.653029065374385542e+00,-2.103114965487717924e+00,-1.743883743643165785e+00,-1.330585024313408304e+00,-1.705447730836562314e+00,-2.383879675680864452e+00
-1.185614951356804170e+00,-1.218621088362547233e+00,-1.205714191693707527e+00,-2.262775723050057586e+00,-3.039296494911855273e+00,-2.095119752227903920e+00,-1.535384899467619579e+00,-1.010621253553862786e+00,-1.540214350937820775e+00,-2.578337724195326253e+00
-1.007875466414101862e+00,-1.072426834180989941e+00,-9.569371210205995792e-01,-1.025777811537977646e+00,-1.103538362323935429e+00,-9.038690119475484286e-01,-1.073604100230470149e+00,-9.497049036234307406e-01,-1.040546064814241722e+00,-1.062064812528260571e+00
-1.768766989361891584e+00,-2.003154180195103162e+00,-1.770631791859689219e+00,-1.917113035860371406e+00,-2.206531916724328912e+00,-2.216069612248907195e+00,-2.149837479998494949e+00,-1.630409178784900437e+00,-2.133428941563601633e+00,-2.537410184258600765e+00
-5.092314180162293979e-01,-2.007329908988721989e+00,-1.422078304614249555e+00,-2.618921006059028667e+00,-2.952378325378209212e+00,-1.772896568694876329e+00,-2.027880993038651880e+00,-1.494320389129587978e+00,-1.864942452333394840e+00,-3.235726371976096249e+00
-1.757093712741025326e+00,-2.340862936259068938e+00,-1.835412885119260151e+00,-1.963048828164630777e+00,-2.040092863651010724e+00,-2.047366969765212819e+00,-2.129299457589760802e+00,-1.452480275468398307e+00,-2.001418547387050495e+00,-2.286289189446400805e+00
-1.384973140841444517e+00,-1.809711403674424846e+00,-1.425555865528277177e+00,-1.900013193523091060e+00,-1.968542895164020479e+00,-1.850612548791990442e+00,-1.946364886266778393e+00,-1.522118458948313657e+00,-1.864358854239604790e+00,-2.050528651336303909e+00
-2.240464750350291467e+00,-8.976724216997383765e-02,-8.930234215685353694e-02,-2.237952274139211273e+00,-2.435450628014696584e+00,-2.373843730699779275e+00,-2.391990587045439653e+00,-1.138410753619718108e+00,-1.954420338004816848e+00,-9.005380516301561555e-02
-2.150493034724403785e+00,-9.889381561738730397e-02,-9.832928956282324662e-02,-2.140473562410038166e+00,-2.342592014025079994e+00,-2.238727630244993883e+00,-2.326799299472825044e+00,-1.098959745236304242e+00,-1.933182175486645837e+00,-9.924198818225610230e-02
-2.966793120401717498e+00,-2.985715151017899749e-01,-2.933669152613140318e-01,-1.404955307902957085e+00,-2.833152383162648391e+00,-3.564917430114732166e+00,-3.820134003257283695e+00,-8.068409629577555364e-01,-3.356335849291788520e+00,-4.765097526396674610e+00
-1.021660304074910597e+00,-6.676013684835472306e-01,-6.409970378385303480e-01,-1.681256701830555533e+00,-1.945451040524238673e+00,-1.755718688496447744e+00,-1.908197029133149814e+00,-8.404324955343696057e-01,-1.831111659014336368e+00,-6.846541857000629783e-01
-1.257645621510178779e+00,-1.325997064028757055e+00,-9.041297836230312024e-01,-1.370465979600543172e+00,-1.377478275767428428e+00,-1.176379326858789431e+00,-1.342881571335060586e+00,-1.113992468918896250e+00,-1.238837797474681146e+00,-1.370009478689732996e+00
-9.489984526054430214e-01,-1.156198686732849534e+00,-1.174994475301216257e+00,-1.237600365233104682e+00,-1.046385271670453365e+00,-1.076782236338404086e+00,-1.267860353037237431e+00,-1.112354321384726452e+00,-1.236310988716754711e+00,-1.411271451237922525e+00
-1.154024312724146961e+00,-1.491739266886654258e+00,-6.156292153745726026e-01,-1.467402073741747692e+00,-1.519395512670560944e+00,-1.451514393935776193e+00,-1.522163929876018784e+00,-8.464276803598203003e-01,-1.468633646380335112e+00,-1.672266721843859827e+00
-1.120091789844203323e+00,-1.176354885835265707e+00,-9.846278564468722294e-01,-1.135709370478678260e+00,-1.032574340596163598e+00,-1.085607750233383184e+00,-1.193748506661516551e+00,-9.178341345980125521e-01,-1.114725237278087588e+00,-1.242642343596498833e+00
-1.382264188905182767e+00,-1.436113524699475841e+00,-9.981789543495541706e-01,-1.291284829753135632e+00,-1.273192795747837724e+00,-1.319068673206465814e+00,-1.416460145629867329e+00,-9.976125496219707678e-01,-1.456231289429616993e+00,-1.478436085722167004e+00
-1.831283286539761246e+00,-2.315969241350404051e+00,-1.495521333929618335e-01,-2.346326592258777488e+00,-2.792817886337680466e+00,-2.609448649983533652e+00,-2.565375791104638648e+00,-1.656219376529005194e+00,-2.364808159655003017e+00,-3.148066607908158065e+00
-1.767611429577195414e+00,-2.005456385198283620e+00,-1.769441289187575261e+00,-1.921953237863421649e+00,-2.191027050637864626e+00,-2.212674432161110705e+00,-2.155503629238750385e+00,-1.627069273281531947e+00,-2.138877025573838075e+00,-2.546445003515936278e+00
-1.053041329619353705e+00,-1.641509367820087828e+00,-1.627562735668456551e+00,-1.452263874838361613e+00,-1.595952385273975205e+00,-1.470539736710065215e+00,-1.721138342912437835e+00,-1.306440223563544167e+00,-1.599343701941415619e+00,-1.677463041957498513e+00
-9.600221433697443407e-01,-9.789518590781589591e-01,-9.222845161156871807e-01,-8.501801098181491767e-01,-1.045190558922332258e+00,-1.206853449367632392e+00,-9.808163928986107782e-01,-8.831585244801627432e-01,-9.718768888927644678e-01,-1.265268325275990868e+00
-1.268210883716262005e+00,-1.414027014621617173e+00,-1.290084817187562072e+00,-1.979151410787849619e+00,-2.229936774302010427e+00,-2.242790214557620398e+00,-1.455950261783154343e+00,-1.191571911685879392e+00,-1.756719370555624993e+00,-2.523355530771345556e+00
-9.519812807720744452e-01,-6.796244832073232711e-01,-3.749310418880262286e-01,-7.980531699070912977e-01,-9.234764664565308090e-01,-1.193670109442939387e+00,-1.003758586754209592e+00,-5.570698963413605043e-01,-6.718215402457697882e-01,-1.173828676490398903e+00
-1.957346635395103451e+00,-3.081089321460428465e+00,-9.353866485776420048e-02,-2.199225043105977218e+00,-2.717754315481693439e+00,-2.970500496374796295e+00,-3.339746278007333924e+00,-1.772958497433693603e+00,-2.890594728706172400e+00,-3.305482339749294063e+00
-1.796176158658836952e+00,-2.119247711939287182e+00,-1.584630906490011926e+00,-2.376436155418975460e+00,-2.538692337237895558e+00,-2.229356872155817459e+00,-2.313047322034499143e+00,-1.711358945517559960e+00,-2.228190879866847052e+00,-2.642231660244489966e+00
-1.746879947866908367e+00,-1.737168741352716816e+00,-1.542980021204720442e+00,-2.236283658779633310e+00,-2.462338760730418130e+00,-2.145521233574302578e+00,-2.238498284275282746e+00,-1.688241835388039069e+00,-2.145844069658875863e+00,-2.507984785976704156e+00
-1.924852796074917771e+00,-2.089435780133261922e+00,-1.738995476914941829e+00,-2.611496700082192035e+00,-2.757358295471401100e+00,-2.385106244908118622e+00,-2.526380853749561339e+00,-1.792599268893809050e+00,-2.377621014906177166e+00,-2.194018292710881113e+00
-1.968340668330783139e+00,-1.895516316148603053e+00,-1.350782827262693608e+00,-2.838387658513100043e+00,-3.167241125237483246e+00,-1.968618368733545676e+00,-2.230905856978042223e+00,-1.559897437625760608e+00,-1.995614022239387664e+00,-2.463331588905485425e+00
-1.798073583668115205e+00,-1.941360353032836272e+00,-1.675462187506148837e+00,-2.873068830714089472e+00,-3.022083607870031052e+00,-2.290876513240301726e+00,-2.332469459539117995e+00,-1.704046621474493595e+00,-2.150911620476938957e+00,-3.218635919254543065e+00
-1.793001213158134544e+00,-1.980388861160635505e+00,-1.722870322160869661e+00,-2.809790269947902264e+00,-3.044680280855595722e+00,-2.320287027646182221e+00,-2.408605564679357158e+00,-1.732488327508450165e+00,-2.201451470557818979e+00,-2.994723046651301512e+00
-1.949091471028677081e+00,-1.891931122581749225e+00,-1.368285202985146443e+00,-2.848248318934115897e+00,-3.109710133964311840e+00,-2.026692709663044933e+00,-2.136730270638980578e+00,-1.562910448406172881e+00,-2.038260079698130944e+00,-3.336208717576222949e+00
-1.949091471028677081e+00,-1.891931122581749225e+00,-1.368285202985146443e+00,-2.848248318934115897e+00,-3.109710133964311840e+00,-2.026692709663044933e+00,-2.136730270638980578e+00,-1.562910448406172881e+00,-2.038260079698130944e+00,-3.336208717576222949e+00
-1.918951218751275389e+00,-2.294784325601296082e+00,-1.895799153138318704e+00,-2.622517073359698081e+00,-2.834150797761199936e+00,-2.404539153051259426e+00,-2.539507024247976474e+00,-1.817845625365839490e+00,-2.388855078308747437e+00,-2.884386818441528888e+00
-1.918951218751275389e+00,-2.294784325601296082e+00,-1.895799153138318704e+00,-2.622517073359698081e+00,-2.834150797761199936e+00,-2.404539153051259426e+00,-2.539507024247976474e+00,-1.817845625365839490e+00,-2.388855078308747437e+00,-2.884386818441528888e+00
-2.214381831383440247e+00,-2.269415054857056635e+00,-1.549855418713334654e+00,-2.773788936977025887e+00,-3.445260265897383878e+00,-2.316955034192012874e+00,-2.536974859993007758e+00,-1.765109681146458831e+00,-2.347373447357459675e+00,-3.750779611181992657e+00
-2.085475170125087541e+00,-1.841082876038609761e+00,-1.888204417397851165e+00,-1.828248667990702403e+00,-2.197874621287243091e+00,-2.213465036119397933e+00,-2.390514688813162536e+00,-1.476240912143817807e+00,-2.118970335833190610e+00,-2.525705128899522478e+00
-1.748566003700651406e+00,-2.037399118489024108e+00,-1.454399557121263564e+00,-2.517059446236683318e+00,-2.805357836422201601e+00,-2.135823377913032672e+00,-2.298765307492711241e+00,-1.594347205734682582e+00,-2.176174984764310594e+00,-2.826469253975525397e+00
-1.689296381890212473e+00,-1.481222868475582821e+00,-1.342806431092416597e+00,-2.432788766725636265e+00,-2.727471844545198643e+00,-2.050329913101681445e+00,-2.165988639729865550e+00,-1.512870648979590005e+00,-2.047626138789841566e+00,-2.719778637221221373e+00
-9.858822340944546347e-01,-2.436016460460584732e+00,-6.801721332807949549e-01,-1.864790281660403393e+00,-1.508272573607455591e+00,-2.123149528648185402e+00,-2.512215019401365268e+00,-8.463442532627435400e-01,-1.778877881163514196e+00,-2.976869515826261470e+00
-1.167701916708349996e+00,-1.222161399385615299e+00,-1.122954309856316391e+00,-1.242470324911986834e+00,-1.302373389061336706e+00,-1.134099164940809867e+00,-1.237929534611291738e+00,-1.088290320606034145e+00,-1.207122001852224846e+00,-1.285582414970851906e+00
-9.896263835642077344e-01,-5.504586852788051488e-01,-6.063685443244819506e-01,-6.316724968654544581e-01,-1.766920717533935647e+00,-8.080103588597266073e-01,-6.339042384549726794e-01,-5.909470448468472359e-01,-6.262574000788112549e-01,-6.451153412395467246e-01
-1.401460947448518013e+00,-1.411002373185700653e+00,-1.054967740968458106e-01,-1.349331397650531228e+00,-1.428523597476843987e+00,-1.437592576884059170e+00,-1.407950907123729278e+00,-1.105251612149180662e+00,-1.316768632687652874e+00,-1.472555633457529822e+00
-1.887975419939257993e+00,-1.995646487802318347e+00,-1.436073486165054258e-01,-1.977512560971014022e+00,-2.085506058119148243e+00,-1.972349485648611234e+00,-2.033998583425693951e+00,-1.530834267231192758e+00,-2.020925395061773600e+00,-2.377701441269692406e+00
-1.803144846761125963e+00,-2.171527572283588725e+00,-1.916633313551244111e+00,-2.038283007077659637e+00,-2.168810230898865488e+00,-1.718261589596797201e+00,-2.312122891732661945e+00,-1.458038129066547839e+00,-2.000282947057841376e+00,-2.423755458827060671e+00
-1.178872562714602834e+00,-1.428525567776713023e+00,-1.234866059567204299e+00,-1.379204346541277770e+00,-1.426081970543466415e+00,-1.404438781901328870e+00,-1.475863537619640731e+00,-9.869643215309287232e-01,-1.407499324560758547e+00,-1.587074302256394898e+00
-1.563759632887734785e+00,-1.556008375648281650e+00,-1.541774143306175127e+00,-1.645816774142072392e+00,-1.795527546345359937e+00,-1.578441846775607837e+00,-1.875283544454870777e+00,-1.272031677130245120e+00,-1.638456117241529508e+00,-1.917424788909122713e+00
-1.801586982731652409e+00,-1.327907286190570746e+00,-1.692675396590365144e+00,-3.672893510710873333e+00,-4.146529445338168252e+00,-2.706244453321324350e+00,-2.346789016088647539e+00,-1.711862549701646419e+00,-2.332021618137416930e+00,-4.099686155359303363e+00
-1.028720630060619534e+00,-1.255051627780711554e+00,-1.187823501656592340e+00,-2.571415585166660467e+00,-3.178215716290243353e+00,-1.823044229883817424e+00,-1.396292244680028327e+00,-1.431129526773832428e+00,-1.823795269039636624e+00,-3.266225895710808125e+00
-1.762114383891418390e+00,-1.342188108599426943e+00,-1.650620851749575957e+00,-3.672893510710873333e+00,-4.146529445338168252e+00,-2.414662635201230589e+00,-2.349632458525404033e+00,-1.509258884788608812e+00,-2.188126750062731940e+00,-4.100015312516024579e+00
-1.487653331380807575e+00,-1.737409180721069868e+00,-1.521032074640067178e+00,-1.406345632367436815e+00,-1.516537188165486327e+00,-1.564186943195047697e+00,-1.808155484423230153e+00,-1.407164707945632420e+00,-1.711566363552671444e+00,-1.833200200727257201e+00
-1.462646158782778594e+00,-1.736055418546390783e+00,-1.485180876725166632e+00,-1.399930606237981934e+00,-1.446653800245492505e+00,-1.487476318547047649e+00,-1.781089706109752591e+00,-1.415291233616553956e+00,-1.703732278651249432e+00,-1.858404041014599439e+00
-2.557629949808412739e+00,-2.888304283164102149e+00,-3.161481593530258150e-01,-2.977725758697208569e+00,-3.367649159899952505e+00,-2.876410075759778362e+00,-3.172438572904143772e+00,-2.008640225791032741e+00,-2.676217701961763673e+00,-3.605995781218368723e+00
-1.612050726226056829e+00,-1.445326012929119219e+00,-1.442646874082167630e+00,-1.829248579389709084e+00,-1.780079074107375758e+00,-1.638963153799287253e+00,-1.794386672657332538e+00,-1.131863473649608931e+00,-1.701401246489414376e+00,-1.947455954159336589e+00
-1.561684217910667583e+00,-1.959819325044553029e+00,-2.000371148550348810e+00,-2.388700320028452229e+00,-2.569115926473982459e+00,-2.242715382251310174e+00,-2.187802340153491620e+00,-1.582558180742525522e+00,-2.325692022539070702e+00,-2.725280533444029984e+00
-2.230656367804907170e+00,-2.813250625640422165e+00,-2.160208285957898156e+00,-1.815208635593606790e+00,-2.163613228823304979e+00,-2.166498869417726958e+00,-2.286466545645998494e+00,-1.724422064430429558e+00,-2.577419380839543361e+00,-2.892015595922599047e+00
-8.957151721017126977e-01,-1.022494365426904306e+00,-3.684035916047348480e-01,-9.891056846811870917e-01,-1.179550267896680715e+00,-1.244520142100985494e+00,-1.020803277234866302e+00,-9.406664180631578720e-01,-1.069714983424423060e+00,-1.408976100399061737e+00
-1.980155165622607294e+00,-2.125630017297034602e+00,-1.757607905228686596e+00,-2.090569069966415672e+00,-2.179647936597363778e+00,-2.154974770676650664e+00,-2.265518839760236602e+00,-1.624018848859589914e+00,-2.149759913751131624e+00,-2.543731765104571885e+00
-9.294768383574728565e-01,-1.337593167248105397e+00,-1.109858758504120857e+00,-1.108239456007497070e+00,-1.215276163091591144e+00,-1.196114959708177938e+00,-1.339708133390415501e+00,-1.053952300350553539e+00,-1.211822842520925869e+00,-1.358455363065587784e+00
-8.831243355115840910e-01,-1.260192768184658973e+00,-1.109858758504120857e+00,-1.093913742175737447e+00,-1.172382531659098337e+00,-1.098518703740085423e+00,-1.309111958931304942e+00,-1.043787929846446305e+00,-1.229383236973780935e+00,-1.309518380350681133e+00
-2.424227621844350811e+00,-2.642628354820271697e-01,-2.601937135669818990e-01,-2.307023461031432188e+00,-2.699742286108900213e+00,-2.691952384301480095e+00,-2.920216241165711324e+00,-1.128898142923389969e+00,-2.358344714120748975e+00,-3.409501609364595787e+00
