8.763488308514060243e-01,4.702847437045318824e-01,-2.212960016647898265e-01,9.169723883490247252e-01,9.780136634084690694e-01,1.004143112434670027e+00,8.565812592062714836e-01,6.793626018048587456e-01,8.540402656412264815e-01,7.518793854175146452e-01
2.161186497557637531e-01,7.581700207644115341e-02,1.503302947619769014e+00,5.665188523288068323e-01,6.012958466783772105e-01,5.614501290104008113e-01,5.761671362693699949e-01,1.067945164746578052e-01,5.721658727070078054e-01,1.879711342543996633e+00
5.494390353333616223e-02,-1.495669829204686607e-01,-6.135743207662009979e-01,5.086326902213738066e-01,4.276650425632957941e-01,6.240937592046312821e-01,2.902650051120431174e-01,-2.899107154348947724e-01,3.275006862787675499e-01,3.610648178222559124e-01
7.427368368782978347e-01,5.719249883687715919e-01,7.455317129769671869e-01,9.961424681111088475e-01,1.005308010718858558e+00,9.609540242851222214e-01,9.935111236429483572e-01,4.180594032824980766e-01,9.044994221532332013e-01,7.819834535147802690e-01
-1.143515891879729462e+00,2.044194006193406743e+00,1.431904101693736608e+00,-3.101830020634113727e-01,-4.044476610953680051e-01,-1.613472613375676601e-01,-6.045827345252987595e-01,6.187012274442681425e-01,4.574394427502587179e-01,1.839888311278539135e+00
5.972259783438502723e-01,-2.251677525423320409e-03,5.820753770915014780e-01,4.105132992753514065e-01,5.195246666614496966e-01,5.247887435936132716e-01,4.432946249656427584e-01,-1.487767607900563893e-01,4.320005532185652863e-01,3.779686617617573630e-01
8.369307248184534309e-01,5.943675471176437242e-01,2.523656519021847400e-01,7.277944172740169471e-01,8.884297714883977459e-01,1.042050300597956447e+00,9.727795418474802780e-01,5.818434004015338168e-01,1.033559173867840908e+00,7.252844404322158489e-01
1.306721456370246504e+00,9.592582345949711708e-01,4.822269974963966366e-01,1.330472410133717753e+00,1.533848369643406206e+00,1.617540261883979369e+00,1.311080109705639707e+00,1.063744201615820506e+00,1.424010298652436779e+00,1.071201742817373903e+00
1.234637467690521850e+00,9.193441104947286391e-01,7.820443171793912684e-01,1.259197080955909653e+00,8.037579657233621111e-01,1.679806219578052540e+00,1.336310410646494029e+00,1.503456432243237550e+00,1.472484527056898695e+00,9.900039268284561711e-01
1.199482420448401809e+00,1.007820285060811560e+00,8.222466028643089508e-01,1.060886489160550727e+00,1.219308331349872043e+00,1.490750900422577185e+00,1.433085218284209983e+00,1.001055519321983667e+00,1.334329352436187222e+00,8.924011888180737317e-01
6.450745728119007261e-01,4.759655505288487021e-01,1.423210164827211299e+00,7.690745353080858937e-01,8.662426326507521868e-01,9.350888233982986852e-01,9.060718811718991850e-01,6.116205458212411461e-01,1.022573396973877280e+00,7.559263513937691803e-01
6.552087400839103903e-01,4.856691782887009312e-01,-2.520836947578070086e-01,8.604068938959741342e-01,8.507105946920464623e-01,9.185057418729326573e-01,9.437039992888008877e-01,6.228306879971385879e-01,1.067410037099559839e+00,7.630429281842489031e-01
6.834486851104893956e-01,5.539010192418308831e-01,1.371795939778531537e+00,6.790017746353969041e-01,7.778439689028335824e-01,9.145034860225327300e-01,9.643758439674529059e-01,7.766536957285332665e-01,1.094305401349308537e+00,7.737083366851358335e-01
8.777237487988529541e-01,6.532438049583494388e-01,-1.710185435038311941e-01,9.924604590457304365e-01,1.008829962706262018e+00,1.093123299549229710e+00,1.031943581649639174e+00,9.461418374197640979e-01,1.128026799913486089e+00,7.921747184974082812e-01
1.325676148623019079e+00,1.039699351647978220e+00,3.412707762870318962e-01,1.073688005300829085e+00,1.196923088267428437e+00,1.466092154935193070e+00,1.449216051033915154e+00,1.211118476154620982e+00,1.537537964033682591e+00,1.017975942487214347e+00
1.008301991574728662e+00,7.107000907626453978e-01,-1.403284061237739799e-01,9.097066840836288693e-01,8.261594112620203045e-01,1.133718733692997249e+00,1.080421930191495905e+00,9.900542355068064904e-01,1.255217265312796204e+00,7.623515926341766225e-01
5.363230938704111050e-01,6.037012389091727105e-01,1.482740541522894251e+00,7.349890138593302424e-01,7.340145295193161168e-01,7.457772301365144241e-01,7.533134594806945028e-01,4.085386150313705111e-01,8.874583284073946921e-01,7.131591672373875923e-01
2.867763938761270781e-01,1.884146152529133200e+00,1.246548762041788327e+00,4.131203106045510109e-01,1.256381619478915690e-01,-2.889281166360016861e+00,2.250955588628347215e+00,2.570569623825393890e+00,2.530799311303140620e+00,1.735042805112065656e+00
-1.472390697369900803e+00,-1.353743770939994873e+00,1.610662047418961240e+00,-7.888427163406759313e-01,-7.700302992627723331e-01,-9.938637051354707319e-01,-9.475682126208921918e-01,-1.350522449592294061e+00,-9.982504525832298636e-01,1.939025294291145007e+00
-9.633414572243319540e-01,-7.962715575945985558e-01,7.824718944229900330e-01,5.436471582974184980e-01,1.169099994072329229e+00,6.912928454938426226e-01,-3.682340417408913602e-01,1.561469308674013012e+00,1.056645781008249824e-01,1.914016278664198989e-01
1.335399603728699702e+00,1.158690205281919017e+00,2.257023634160209014e-01,4.592431401362518373e-01,2.797895266070976605e-01,1.450302740466780649e-01,1.571715036538511967e+00,1.093319536255195290e+00,5.337058124107021961e-02,2.192166421461594072e-01
-2.520023058575092123e-01,-1.402064907289899132e-01,-5.360663156116212136e-01,1.204069771424494673e-01,7.809275749998392246e-01,-3.003618613104694357e-01,1.564724731794667478e-01,6.405309004549545326e-01,4.130308156224965499e-01,8.587046683718718709e-02
8.270732558432061232e-01,6.331303943240128573e-01,-5.800177259800530782e-01,1.096835683465476441e+00,9.549248552703679671e-01,4.584416973409119467e-01,8.540841688239404483e-01,8.926165004440859141e-01,1.125431896831755596e+00,4.843429339452376969e-01
7.396353165124138762e-01,4.338027868955284250e-01,1.826361382615327988e-01,8.007966245625044444e-01,8.653950438169955017e-01,9.090138103839083827e-01,8.932843025567940298e-01,4.123242531195540628e-01,8.645526932394436148e-01,7.992675533824502576e-01
6.819094044756884854e-01,5.955310352668964358e-01,3.468290454487056307e-01,1.047148677711912335e+00,9.241204107529105150e-01,1.119085596669067595e+00,9.322437050153895566e-01,6.438795521065666660e-01,1.100010934564650489e+00,1.191432333058897841e+00
9.254144770116879970e-01,7.133726286481114620e-01,3.588993181258130494e-01,1.285715565730376708e+00,8.964353218676984758e-01,1.153853517428740982e+00,1.150195117149173996e+00,7.076788147981898369e-01,1.320286671044297755e+00,1.199163234588769722e+00
-1.049561170858003711e+00,-9.507675000045286984e-01,-1.487192823694106325e+00,-3.461125643391403384e-01,-2.423180960732690958e-01,-7.015967029383218811e-01,-6.449501630068429359e-01,-1.108889102093373547e+00,-8.174465645643202993e-01,-4.208700157641251938e-01
-1.083527444856738020e+00,-9.815028447627649477e-01,-1.489291472549757467e+00,-4.033406221330255170e-01,-2.630685397106703460e-01,-6.353046434027506129e-01,-5.814795572318486316e-01,-1.057538882434276850e+00,-7.731661623295850161e-01,-4.997539384320622280e-01
-6.599008562318841031e-01,-8.899442530983747712e-01,-1.602633331619116142e+00,-7.386405182545255355e-02,5.210458393014336803e-02,-6.007003645824740001e-01,-6.692007007433536936e-01,-5.193668389235538418e-01,-9.381318078823651652e-01,-3.654454170125248647e-01
1.093764280070718131e+00,6.729108960923990690e-01,1.796144521591390153e-01,1.049167436853259527e+00,1.033557879208568231e+00,1.066081957301201921e+00,6.271641550369817519e-01,4.038330743482614338e-01,9.053583450247314479e-01,6.417193958647449126e-01
-2.424438373249995504e-01,-2.678311409820087752e-01,-1.025197674130416736e+00,3.553685377865831857e-02,2.969230114601662529e-01,1.949561842530384004e-01,1.220182404983770480e-01,2.242745255947083127e-01,4.185261589065638055e-01,1.891467879485724257e-01
-1.237008823930103807e+00,-1.244842162883214698e+00,-1.619843739714624142e+00,-5.767591790768511473e-01,-5.248787388023741229e-01,-8.486852803011385449e-01,-9.128754426742662353e-01,-9.666179628538226209e-01,-9.464108312440141502e-01,-4.880344870938840285e-01
1.547215175337572024e+00,7.529744674330861587e-01,2.862030598248991864e-01,1.120244706741152063e+00,1.181562900540807037e+00,1.472638402003336067e+00,1.169670543158805032e+00,1.294034099023201101e+00,1.247966968425654466e+00,8.952823931755011788e-01
-3.481981103462367666e-01,-6.734438945242309238e-01,4.778011719592107354e-01,-6.673271844010389975e-01,-2.601664496180922104e-01,-5.396977537641844264e-02,-4.472391965934874869e-01,5.996955394252485583e-01,-5.817931427240119469e-01,-7.573192061398072994e-01
-2.170229627138531014e-01,2.010190715672184325e+00,1.392327089466710133e+00,-2.170060867226554224e-01,-2.493686208312544950e-01,-2.189683571645311411e-01,-3.607922786596541864e-01,-6.476897954758435993e-01,-4.322935330767004314e-01,-3.665316615965403813e-01
-1.165520688969218510e-01,9.371149638740311483e-01,2.000953233688069766e-01,-2.115510722249355491e-01,-1.296702602477260435e-01,-1.955743220180743147e-01,-7.598928291744355690e-02,-6.934667190064851550e-01,-2.352778516963494604e-01,-2.865299889702776492e-01
-9.720073532219480894e-02,-2.918355165423785480e-01,5.961541396849407981e-01,-7.281748373337542102e-01,-1.202717659145896789e+00,-5.737341417645139274e-02,-5.610973465536303051e-01,1.203519099101697243e-01,-3.308073059607094524e-01,-7.876421906295431041e-01
-1.142886258997781068e+00,-1.194857289522548216e+00,5.109283523272986072e-01,-1.062605003582753449e+00,-1.319080912748461953e+00,-1.221999950897148857e+00,-1.525454150817882493e+00,-1.818245235721592357e+00,-1.669949450610283881e+00,-2.720293892290364557e+00
-1.142886258997781068e+00,-1.303983329823122927e+00,5.109283523272986072e-01,-1.139935418889320262e+00,-1.319080912748461953e+00,-1.323173199127037014e+00,-1.525454150817882493e+00,-1.914698566141832980e+00,-1.894980441251297387e+00,-2.720293892290364557e+00
8.105360089044276739e-01,1.232875532065390800e+00,5.652358720047074847e-01,1.020458317446514496e+00,9.280153410206549713e-01,6.218570908944577313e-01,8.203818028688010244e-01,1.357736525405458972e+00,1.009567098431880527e+00,1.329301094067369515e+00
1.547774077229554512e+00,1.201729037732836902e+00,4.835114714286048443e-01,1.145524549788373259e+00,1.307004736215094720e+00,8.555134746496916298e-01,1.030137737692174760e+00,1.066673362620183418e+00,1.263462146708578038e+00,1.278204084826706000e+00
-8.889479151422489123e-01,-8.309008866164603324e-01,-1.204332356806134374e+00,-3.220454026991775159e-02,1.184207155749298496e-01,-1.048608458934869037e-01,-4.876492350228560091e-01,-6.442402690345038208e-01,-1.440532847753632217e-01,4.768433485435255581e-02
-1.851492487393239683e+00,2.094373759077047925e+00,1.490501771902615680e+00,-3.215538779027695138e-01,-5.422543521721077120e-01,-7.448292909823119867e-01,-1.045461412620350750e+00,2.884843237518467940e-01,7.613996794616009200e-01,-7.323113596988279905e-01
-5.009747042676371276e-01,-1.028831356502407202e+00,-1.433570870131707586e+00,-5.682440762347951146e-01,-4.622248609339306147e-01,-3.611562754047175083e-01,-4.394268189751944220e-01,-1.010217822199432236e+00,-6.535945367090162383e-01,-4.691207023071677362e-01
-4.775308626156332115e-01,-1.137337824423338972e+00,-1.171901442684984085e+00,-7.566626424469111711e-01,-3.265350402336217317e-01,5.835861612699858036e-02,-6.912745569159964854e-01,-8.847957606820795462e-01,-7.264617022773106614e-01,-3.941320284044595446e-01
-6.112062016685415600e-01,-6.792988732938191054e-01,1.529606808166579013e+00,-9.934818766566445858e-02,-4.497529773326503499e-01,-1.944139021111197962e+00,-9.913833998487949772e-01,-4.522694907729762903e-01,-1.176997387298799547e+00,-1.254642704694478139e+00
1.157437223336884591e+00,8.341075658882194377e-01,1.521045989711146407e-01,1.129726322120787607e+00,1.206229636594756904e+00,1.422175007413808423e+00,1.274847062693431843e+00,1.048003451945103803e+00,1.235860321147514984e+00,9.675299587506545063e-01
5.920198263920493087e-01,-8.485016718294596805e-02,5.868405715057137817e-01,4.337762232745407398e-01,5.403759385790092296e-01,4.874510952874226977e-01,3.732873410025331351e-01,1.175538516948424927e+00,3.534021315939641639e-01,3.493948715975844221e-01
1.383088937241396366e+00,6.585252560753621642e-01,5.936235685200489387e-01,1.363170110427412984e+00,1.347271705928759111e+00,1.468533226486415488e+00,1.042127976149767488e+00,1.054294650919455956e+00,1.203845502895663833e+00,1.346917437728114120e+00
-1.314261598244653051e+00,-4.953931805804224764e-01,4.242557949479511814e-01,-6.287384315109465494e-01,-6.316323979870097638e-01,9.852403161851978897e-02,-1.088976250505720111e+00,-6.210717865435710916e-01,-1.173685537857136196e-01,1.240792063139901424e+00
-1.582714037551677055e+00,-4.677890031583382124e-01,3.070261751980256082e-01,-7.018081294874203291e-01,-4.781083316594521571e-01,4.434494273289270039e-01,-4.160070479100756446e-01,-3.857946200783924917e-01,-1.112961802619237828e-01,1.165842854292480801e+00
-7.385929039652886496e-01,2.007022836936231125e-01,1.157408121663312972e+00,-1.425460380993174569e-01,-9.505308521376462649e-02,-3.895026077927208896e-01,-3.662100779174705667e-01,-3.962738458194673408e-01,-4.384940179893045964e-01,9.739631631271123968e-01
-3.712905819243243755e-02,1.966577300423192828e-02,-4.757879481506856467e-01,7.080511736420758151e-01,5.233668037537450024e-01,5.196018271879804251e-01,2.653898046989940918e-01,-3.190979521819866660e-01,2.327188869892722334e-01,3.476645465582494654e-01
-1.908272307192867001e-01,-2.593903068658756972e+00,-1.324552401775166699e-01,-2.285504395330738348e+00,-1.994891313013449796e+00,-2.006434076926662868e+00,-2.207269918655514473e+00,-1.895183422247262994e+00,-2.320610081532533009e+00,-1.824660146284251550e+00
9.660928418596537171e-01,6.665130790189983667e-01,5.609499133060267262e-01,-2.943856002229642943e+00,-2.768087340010016106e+00,-1.117374154917734064e+00,-2.905156109622108129e+00,1.683836386873712732e-01,-1.234968163090995441e+00,-1.212517097957253709e+00
-4.513020384437160804e-01,1.914514035806966774e+00,1.281536905791947012e+00,-2.194738025503933584e-02,1.514402097359149324e-01,2.600863775951863799e-01,2.165827759037223035e-02,5.102561521589044080e-01,9.109130980338853503e-03,1.754999570600052294e+00
-5.490500873757305778e-01,-7.182408700826030667e-01,-1.037609901035243531e+00,-1.975491487997685092e-01,-3.340028392828481296e-02,-1.532493124595729062e-01,-4.199027494516814896e-01,-6.759158190531660004e-01,-3.532082086839117285e-01,-1.025256510085669343e-01
7.038528779684047887e-01,4.865203349377320019e-01,-4.210597341813737682e-01,-7.163761994905202268e-01,-1.036438985523395973e+00,-2.889281166360016861e+00,8.722256734216010665e-01,2.676873655627686199e-01,-3.730031172736981149e-01,-1.195820920982544555e+00
7.552681130114664576e-01,5.448663324344275027e-01,-2.522428512508285703e-01,9.484615936462901242e-01,7.853881810970468891e-01,5.297261284963759032e-01,9.615996494973801934e-01,6.492919457887617041e-01,8.193113096009574381e-01,1.731630117731510321e+00
1.406406745320569751e+00,-1.646610856911130127e-01,1.469763939440825451e-01,3.163746580481262560e-01,4.442753918874108310e-01,2.028403673462155499e-01,2.293608426329022121e-01,3.645688434636791819e-01,3.478939918829120348e-01,3.662545130320829512e-02
-6.231297062244357532e-01,-1.157798812733797922e+00,-9.517638310291126613e-01,-4.572384347679514516e-01,-3.773008933984930979e-01,-6.994621712553733550e-01,-6.917355943948207964e-01,-8.181057805641409608e-01,-6.736488950832322242e-01,-4.589543564063694459e-01
-5.901731278473711789e-02,-5.652030852945896244e-01,-9.915845250700908720e-01,-1.588828825644278964e-01,1.413795717538971486e-01,-1.684565133030033468e-01,-2.239306591130379720e-01,-2.371941030051605837e-01,-1.769769042446152352e-01,-6.329779064746358930e-02
1.593998412032167633e-01,-1.161136068879750738e+00,1.224337227827078795e-01,-3.858135373917978006e-01,-1.463917327263095369e-01,-4.024899512557575387e-01,-8.873267776625682890e-01,-3.623926070193448923e-01,-6.864092687089788924e-01,-4.785297755380271689e-01
4.946781774506389673e-01,-3.872521397575237057e-01,-4.834135620742195383e-01,3.923306960570108193e-02,1.335649170819258602e-01,-1.730384469169629347e-01,-5.352223000668995812e-02,2.260588977161496205e-01,-1.206056708718166032e-01,-1.075898399081203910e-01
-5.544679995288563923e-01,-1.213182593098305340e+00,-9.661258022081995467e-01,-4.912190662898949789e-01,-2.941074727458206639e-01,-4.937660912880396102e-01,-8.537617035091678019e-01,-7.094219891392741228e-01,-7.427548313164549221e-01,-5.678500380533815228e-01
-1.844518591617875514e-01,-1.034891931828945566e+00,-4.897321328637833648e-01,-3.448395856031626905e-01,-1.518823389026153770e-01,-3.975540780616458880e-01,-6.462477450276941093e-01,-6.260002685241919940e-01,-6.522633773335847485e-01,-4.820620988162256371e-01
4.075641507009365450e-01,-5.740238481995437736e-01,-9.032384525112937546e-01,-9.013532583664059239e-02,4.775203604089056642e-02,-3.401533317420369351e-01,-2.099618536786891365e-01,-3.022423245167367711e-01,-1.606287246397755109e-01,-1.648433495943320559e-01
-1.243519177103718509e-01,-7.446503159015492868e-01,-3.945752422336618603e-01,-2.255400265997937193e-01,-4.562843064375770794e-03,-1.575018274976750232e-01,-2.394163322544454464e-01,-2.719752670697563324e-01,-1.831901940925442229e-01,-2.214321431588187616e-01
5.700133455221788603e-01,-3.917465821485347499e-01,-8.108859794876511762e-01,3.160142837667965776e-01,3.352572160687837810e-01,-1.825421899771406675e-01,4.768385609135551706e-02,-2.815702115591557989e-02,-2.587179060575027778e-01,-1.165851142534925639e-01
4.406640335117493201e-01,-6.677666189164499499e-01,-4.765298105498137482e-01,9.802230734648458010e-02,1.328457070764965386e-01,1.496674908600529319e-01,-1.031422547369401227e-01,-1.370028240422842547e-01,-1.330706619085106346e-01,-1.356386358289278782e-01
2.827741470785957167e-01,-6.791037730068263389e-01,-7.092785397758185617e-01,-3.902328384382656307e-02,5.701112645378537958e-02,-1.469743656715072899e-01,-1.836772152655526402e-01,-3.206191037879206895e-01,-3.075295922312468178e-01,-2.038679872977352814e-01
3.513455246802232868e-01,-4.142676241293948014e-03,-8.936924876640175430e-01,2.211585686600127942e-01,3.005550181564833889e-02,-1.635692104724416340e-01,4.918862996541258359e-01,1.572471000693875798e-01,8.411029707870255889e-02,-2.037771808074411439e-01
3.987801423014362689e-01,-6.552943775997149833e-01,-9.154470228247229002e-01,-2.013237049259664069e-01,-1.360995888358910166e-01,-6.984890963629647453e-01,-2.562188871733528939e-01,-1.701945570235675054e-01,-6.276425639695574210e-01,-4.662285320755855111e-01
8.429888582697565858e-02,-7.300739441668002705e-01,-5.405062276528920240e-01,-2.157855927967717788e-02,5.090191550915221241e-02,-1.966831927767538901e-01,-3.646406025044246491e-01,-4.718356254872880795e-01,-4.297478341503871424e-01,-1.196526181331679373e-01
1.144966369200413892e-01,-4.319487708746951315e-01,-8.557215133568696341e-01,7.479859548514361522e-02,1.733774309572891636e-01,-1.615053235672391785e-01,3.813451781412786207e-02,-4.544783632395266726e-01,-5.554369135136470043e-02,-1.975259490189826550e-01
5.323748001553060272e-01,-4.407935346488538464e-01,-8.321794278108365361e-01,2.764191950163533695e-01,3.270765791210522022e-01,1.186748681464937921e-01,1.185093765559919327e-01,-2.033166884045350606e-02,-5.810033415950294211e-02,-6.781041423133848944e-02
7.352072622112143518e-01,5.331365446535637487e-01,-2.589558801772445795e-01,1.011656098859088138e+00,1.092331989606944775e+00,1.090840918690803019e+00,1.018500774347709692e+00,6.620091236616717500e-01,1.030800466306448504e+00,8.148073143616064717e-01
-6.973792355848783264e-02,-1.085799618020922702e-01,9.506384120520721126e-01,6.160524634288192525e-01,7.030932504189985055e-01,7.634652771199222920e-01,2.718556106571595743e-01,1.578100246026599152e+00,8.145611990409663550e-01,4.463900047014696115e-01
3.441762994156269961e-01,1.300610530199054204e-01,9.684002108412610443e-01,7.846522334864912684e-01,9.622033313037663405e-01,7.834296599557336593e-01,6.695472140538618611e-01,8.273667928064782906e-01,8.605600465656362275e-01,6.461710505630041679e-01
3.809047619964200937e-01,1.687487554835564174e-01,9.737294156285530855e-01,8.518516500696888816e-01,8.674650165428035020e-01,8.403295404661588197e-01,7.093148535865925197e-01,8.037442163367370940e-01,8.766138557790207342e-01,6.640401897902898920e-01
-1.827564475675280908e+00,-1.442875506385783657e+00,-1.223392648642909419e+00,-1.070216341737394883e+00,-2.768087340010016106e+00,-6.812634276635055608e-01,-2.905156109622108129e+00,-1.191372748695751049e+00,-1.383225292351740965e+00,-2.720293892290364557e+00
-3.130677609233417424e+00,1.256428025739247056e+00,5.429893296241480316e-01,1.691040655620548394e+00,1.401795164766217461e+00,7.398038725589031195e-01,1.652501034381271383e+00,1.582822951854397919e+00,1.822481708231332043e+00,1.315448321200053838e+00
1.095621967593838342e+00,7.997499415881742513e-01,1.128553120561401002e+00,1.216587142173672031e+00,1.277811661424755663e+00,1.515277525032611150e+00,1.314122969033310273e+00,1.135019700728267411e+00,1.319440286726893730e+00,1.096144367368173445e+00
1.692471467186248191e+00,1.231500036117572972e+00,1.134042252625853564e+00,1.542319717857165262e+00,1.409083772434070791e+00,1.511508396389857456e+00,1.469886226640846560e+00,1.186450976823731907e+00,1.562468306657687656e+00,1.670328851397172354e+00
3.992860798033293079e-01,2.579442649213538608e-01,1.244321769831794988e+00,4.994889628775437407e-01,6.144533236071686444e-01,6.419163293494987155e-01,5.981905067522124142e-01,1.011910348374073232e+00,6.301440359564458582e-01,4.728083410485708904e-01
1.807378153796824094e+00,1.619733029698294358e+00,9.455621635505511158e-01,1.177241554851274019e+00,1.401795164766217461e+00,1.527780491349214564e+00,1.061416223974802620e+00,8.526036335747437800e-01,1.255614934828956919e+00,1.559985440218280450e+00
1.222394113069032867e-02,-2.614023752876284273e-02,6.119997264889025929e-02,2.034363823661927972e-01,4.407785401401685954e-01,4.106169697288067910e-01,4.413594323689038479e-01,-1.607482441934452999e-01,-2.657566745801894989e-02,7.422878223856423097e-02
-1.842737555102718361e-01,1.613541244874034664e-01,-1.472884432669512300e-01,8.270626804615731631e-01,7.053644813801305258e-01,2.915277577189364089e-01,6.583138793869850458e-01,-3.808055889359854840e-01,6.025679209324532604e-01,3.225092815782994449e-01
-3.994168123552221394e-01,-4.572842279732619586e-01,5.905412583121234515e-01,2.190943897736517265e-01,6.388860966682160525e-01,5.326751599389367708e-01,-2.117395363574511580e-01,1.508808210679668083e+00,4.956466693451789390e-02,2.185773629404484941e-01
-4.793276088044690075e-01,8.901185865372100714e-02,-1.755842338332753716e-01,3.168368314572275746e-01,5.613711798030096567e-01,3.905102908650641691e-01,1.609508929362132024e-01,-3.867969100934390975e-02,4.938722765067992126e-01,1.316687258280585526e-01
-1.427666591299172616e-01,-3.408650958472549397e-01,-3.555752366567336842e-01,-6.667962203789591369e-01,-2.908858993468989018e-01,1.933874641123159988e-01,1.081978582978787747e-02,1.123542237082270745e+00,-4.756746565015546047e-02,-6.105531792585234818e-01
-4.344721234160306977e-01,-1.827962109650485001e+00,1.375949483149677244e+00,-5.427508270222385356e-01,-8.545589186082948041e-01,-1.304534631152666213e+00,-1.533097711239255867e+00,-1.714054283360521902e+00,-1.495923231346530491e+00,-1.069767253606562551e+00
1.694050740079800166e+00,8.019697198930929583e-01,5.987449924524861355e-01,1.649848530272438829e+00,1.700686206458289940e+00,1.347685277967876738e+00,1.456639934444698969e+00,1.672393469179039416e+00,1.830081123549390343e+00,1.126696439301556163e+00
1.537652900120265675e+00,7.146609471662624946e-01,4.441121290050397685e-01,1.244987036671951985e+00,1.139351713294871837e+00,1.296395621632999262e+00,1.076794666647943988e+00,8.045126918896753354e-01,1.174416190956055095e+00,9.184613432313465387e-01
1.560995536077855794e+00,6.845687343337180097e-01,4.484175463011439988e-01,1.130269864587484241e+00,1.211975524833142304e+00,1.224327034357643118e+00,1.071327284735340779e+00,7.800813750785581258e-01,1.146830294852263732e+00,9.245876164305210088e-01
-7.789209019045419957e-01,-2.693864173381519400e-01,1.427949113063503361e+00,-8.682914746155753205e-01,-1.143160144637088704e+00,-1.338861268612423272e+00,-1.099351730869362109e+00,-1.147960202542297914e+00,-1.179765534230397428e+00,-1.152271743589834863e+00
-1.195403232066523547e+00,-1.165413421308785447e+00,-2.772655492639175545e-01,-8.045925122026188481e-01,-6.769426031329455196e-01,-5.795124386748051748e-01,-8.089183202895526836e-01,-1.640443191613931984e-01,-2.795906379542306697e-01,7.713661772119118076e-01
-2.461467249252734524e-01,-8.144175404496466208e-02,4.867024219614062286e-01,2.908544859224778123e-01,3.352544844312493194e-02,4.113900786046604252e-01,1.594973422890792192e-01,4.585072368643817176e-01,-3.869128868385968145e-01,-8.780212456637744023e-02
-1.220257369286825488e+00,-1.561288714228546759e+00,-1.960303924857868862e+00,-5.876954342000580978e-01,-3.751506288458126281e-01,-5.787053018044554520e-01,-7.665712014961055809e-01,-9.189547210385841103e-01,-9.950632437926403284e-01,-4.479847947920481133e-01
6.052637136160020637e-01,-2.006857413911234886e-02,5.820753770915014780e-01,4.014378428147800104e-01,5.195246666614496966e-01,5.333889601467505237e-01,4.432946249656427584e-01,1.148563524164611716e+00,4.125410106739638705e-01,3.353666147784958862e-01
6.083181128313973618e-01,-6.672467112245325516e-02,5.867861834919549935e-01,4.961845982305971292e-01,4.986498202790463075e-01,4.959879209393260879e-01,3.910497089150817840e-01,1.175230884845866797e+00,3.517564291395287035e-01,3.698779255045909209e-01
-1.295554344693159887e+00,3.340935403794347280e-01,1.636990139907746444e+00,-7.115819397108368305e-01,-6.128138371078041269e-01,-6.760909116697897403e-01,-8.518296312135501536e-01,-8.909818643870112131e-01,-7.199340201044460708e-01,-7.053378924302058373e-01
-6.451769523778411175e-01,-8.120528851552841765e-01,4.824990706870499989e-03,-2.672090264457454012e-01,-1.288660223110920655e-01,-1.673967836339716742e-01,-3.287651977525364311e-01,-9.042677019087826951e-01,-3.672455684437023749e-01,-1.031525668763585285e-01
5.281814465726399899e-01,1.538792190528044668e-01,7.111266144077922347e-01,8.143298109418226627e-01,3.517731276919105476e-01,4.453329323535969997e-01,1.065017048668554622e+00,8.561986768670057923e-01,1.258515746297026894e+00,7.353624797347555475e-01
-9.172844231103296497e-01,-9.075068473865528507e-01,1.575844979422115655e+00,-3.082566297482768336e-01,-2.797591311879947806e-01,-9.969609675645969560e-01,-8.147374510767436684e-01,-1.058502660459036182e+00,-8.737862817198319698e-01,-5.811877067670417896e-01
1.589279385025187397e+00,7.750902774104730941e-01,3.215191285613713812e-01,1.201547003862254881e+00,1.187313752710121184e+00,1.369472664083449809e+00,1.119836338128560982e+00,1.228522246515332039e+00,1.192094731860889212e+00,8.714342479681986831e-01
1.725890751018246627e+00,1.158634807060040073e+00,4.368653620502749302e-01,6.157432299982210644e-01,1.153957170885662409e+00,9.908112989693389494e-01,6.757342823204850468e-01,8.671407119722928103e-01,2.803405373514351040e-01,4.773067538977039947e-01
1.422162125415546985e+00,1.472306007577515841e+00,1.000599467556159139e+00,1.332205700462027131e+00,1.618464387978885588e+00,1.666044835504837174e+00,1.465789268973695547e+00,1.422712084572722135e+00,1.626002349574237948e+00,1.077021186495194627e+00
9.616019686418062484e-01,1.682602867078001552e+00,1.016528445521684088e+00,1.353420254161280312e+00,8.360133336323268827e-01,1.448599248395644024e+00,1.441839621613874245e+00,1.958409937200010109e+00,2.038125771582888213e+00,9.643622209167617143e-01
1.876563875481322419e-01,1.381739270964266408e+00,6.803781392404237849e-01,8.016400545076114437e-01,7.134570678445506520e-01,4.949523324416896797e-01,5.328646189188650517e-01,1.340367396342756034e+00,6.869801123134822163e-01,1.075657718909758698e+00
1.429798865646493056e+00,1.189245401537194047e+00,5.408116989226045002e-01,8.164927175169711671e-01,1.081937396345743263e+00,1.691732789366743317e+00,1.593102339094961017e+00,1.241153814648064735e+00,1.635527556041965314e+00,8.488514428245423904e-01
1.533096925181743064e-01,9.247358224070603705e-02,-3.651432128122658050e-01,5.193103571772893501e-01,6.182107948333234182e-01,7.450961741013405470e-01,5.945312701753882045e-01,2.675034965900534023e-01,5.003731657523473597e-01,4.817111847278842673e-01
2.397575973220411605e-01,6.678699649114962222e-02,5.976356392538629825e-01,5.092081741404992368e-01,6.303643953177671122e-01,6.783510165807938863e-01,5.940311875790444951e-01,2.211800829164740634e-01,5.435766483940306371e-01,5.401436537456298925e-01
9.781806048667538445e-01,5.602145170441058530e-01,1.208805744387447367e+00,9.865016913687815192e-01,9.148807692775348110e-01,9.789470710737625536e-01,9.815071409376520117e-01,5.874953330153260822e-01,1.033444043235774323e+00,7.393862610656767309e-01
-1.384780756769818488e+00,2.069156812435154702e+00,1.461025913398771747e+00,-2.943856002229642943e+00,-2.768087340010016106e+00,-2.336520185302286556e+00,-2.154715565861257343e+00,-1.767991737237094352e+00,-2.198918828365217681e+00,-2.720293892290364557e+00
-1.779435030789356498e+00,2.063926028577983462e+00,1.454918937888090014e+00,-2.943856002229642943e+00,-2.768087340010016106e+00,-2.073230744076730137e+00,-2.905156109622108129e+00,-2.129764337043342781e+00,-2.274058641220912502e+00,-2.720293892290364557e+00
-4.259556760489005001e-01,6.435287484186776874e-01,5.988823790265526137e-01,1.247785504710740234e+00,7.559799580643228323e-01,5.358026718971523605e-01,1.599366225002665232e-01,2.285296661685483954e+00,4.099555683800472639e-01,2.104837506497273247e-01
-1.220967036405990358e+00,1.143118544049459784e+00,8.967784314829416736e-01,-6.252496047894898767e-01,-3.583947115398835037e-01,2.325291065797404355e-01,-4.067300879257461643e-01,1.104137093364046418e+00,-7.456193232260114323e-01,-6.545256788576634399e-01
1.129580646616856532e+00,8.272155148740008013e-01,-5.536687607546707524e-01,1.283768355661542293e-01,4.990287323951774212e-01,-2.216111241553225461e-02,1.216753017002666803e+00,1.181355968116169608e+00,-2.386084323241746338e-02,-8.439759928459426019e-01
1.194307634981799371e+00,9.055980040258563291e-01,-2.888209413772392931e-01,5.481428238411959475e-01,3.094946582691971218e-02,6.907043892659561757e-02,1.268704457089111282e+00,1.047647340324382448e+00,9.756126731012983999e-01,2.783154912121723612e-01
-4.509409038784457091e-01,4.478505143018760015e-01,-1.190954673812473885e+00,-1.295156678537784156e+00,-1.024040636971137230e+00,-1.241237614100170333e-01,7.114611741723904093e-01,4.158461931381255972e-01,-7.036168337190744637e-01,-5.470195339548827862e-01
-1.868338142524917478e+00,-2.149190675786844196e+00,1.512075302693047352e+00,-1.050992439655739075e+00,-1.031080717707558714e+00,-1.741810969915599916e+00,-1.742575131725615956e+00,-1.970235834808574449e+00,-1.820108168461862297e+00,1.884583191836893823e+00
-7.759144432084629228e-01,-2.544276268855270473e+00,5.970991665968885531e-01,-1.544134060624683613e+00,-2.768087340010016106e+00,-2.889281166360016861e+00,-2.905156109622108129e+00,-1.018385180311939919e+00,-2.037258962366828907e+00,-2.720293892290364557e+00
-2.247849292647583486e+00,-2.038206947599757957e+00,1.681164216021606039e+00,-1.008718603737112529e+00,-1.033557058061921552e+00,-1.631672161906429386e+00,-1.677616062115151907e+00,-1.767277763582188355e+00,-1.744381942885013803e+00,-1.306416815044337820e+00
-1.862519797193629589e+00,2.256317359606388795e+00,1.681164216021606039e+00,-1.010417071120627508e+00,-9.956653329196075708e-01,-1.445956037507147407e+00,-1.443208830910006846e+00,-1.591195438154258568e+00,-1.309560215582813880e+00,-1.046828589459876113e+00
-2.077735190791422770e+00,-1.967778394863580749e+00,1.681163507553099290e+00,-1.004828419385508598e+00,-1.063009601886414357e+00,-1.683333052447865796e+00,-1.707324429555660217e+00,-1.779514601132766938e+00,-1.786826735087466700e+00,-1.320237623387223280e+00
-1.176134385256640158e+00,-1.713137941077305992e+00,1.512049703457516658e+00,-4.888373310267644101e-01,-7.651096970624902127e-01,-1.663922712470496501e+00,-1.592471311184843863e+00,-1.973671895697520995e+00,-1.870853365268418278e+00,-1.316909425996578342e+00
9.032892970365741236e-01,-1.043018585726812608e+00,-1.385255604506236082e+00,-5.867535980753516567e-01,-2.927764289191327474e-01,-5.864984612733904479e-01,-6.730802463048856099e-01,-1.291772518285105420e+00,-8.017869777101889195e-01,-4.114939063379733364e-01
1.112226005812108953e+00,-5.935910973304902027e-01,-1.236951310390289160e+00,-1.451970602131218424e-01,1.450691223040119215e-01,-1.472065905091007043e-01,-1.479913477566861257e-01,-8.061243414173406840e-01,-2.486544161744889680e-01,-6.800325011967728317e-02
-4.190388645655472311e-01,-8.849887221188971198e-01,-1.486896396871620452e+00,-7.705875018510218721e-01,-6.024625409734190029e-01,-7.660448855857553419e-01,-6.163512454484516567e-01,-1.174181941128747964e+00,-7.287971208796223399e-01,-6.468552877107878185e-01
-3.725591112658801496e-01,-1.190386574713838908e+00,-2.331056046920005898e+00,-2.293604544871067130e+00,-2.074705884048260174e+00,-2.111402062256471091e+00,-1.442305795928308321e+00,-2.189901597661461086e+00,-2.047857814059747650e+00,-2.016321582430744552e+00
1.733154274435805831e-01,-9.649871971429957451e-01,-6.921770426253254227e-01,-1.295484584207445833e+00,-1.024347949970718652e+00,-9.356338745205448199e-03,-5.841812669643392519e-01,-8.039427146614999131e-01,-5.723259058251116693e-01,-8.461519469991691800e-01
1.049856223034390190e+00,9.445301311264477917e-01,-8.250874360148439113e-01,3.512797419831281687e-01,6.917593496690884747e-01,-1.746106457264625100e-01,3.100018284273274860e-01,-1.855646643900315806e-01,2.884061544229832297e-01,1.621218204690186571e-01
-1.277734655692097876e+00,-1.249880031340884656e+00,1.511765272386462744e+00,-6.383530296808169746e-01,-1.185982401676933584e+00,-2.022991725619846637e+00,-1.652027220890651904e+00,-2.140354383157225815e+00,-2.141438454640704148e+00,-1.501377067854823277e+00
-6.130101700027452694e-01,-5.983954781019322766e-01,5.809115518732914651e-01,1.994471118264353263e-02,-3.624519010942358621e-01,-6.864214386642997212e-01,-2.445061998292950012e-01,-8.931017126073437229e-01,-4.156880511152006297e-01,-4.396104901403932730e-01
6.671824791409951549e-01,4.786401853025788466e-01,-4.010084707553510652e-01,5.991120123281886700e-01,4.444631492626585079e-01,3.414061319018903140e-02,8.414434457663193534e-01,4.206669707199756081e-01,4.807180471689558310e-01,7.510783774369064747e-02
6.922107172490894467e-01,4.133602891569699844e-01,-2.209261659556781277e-01,9.150479225007951412e-01,1.032039744942940374e+00,1.057184539727850980e+00,8.397794416392350136e-01,5.763364536570242391e-01,9.320701452198897341e-01,7.677862901191239153e-01
1.485754486516145667e-01,8.951878635400722928e-02,-2.364906059987936238e-01,6.806600448167268169e-01,3.675284394076103189e-02,3.701216403473923666e-01,2.463656622752673497e-01,1.767607962954287001e-02,3.534021315939641639e-01,1.720991625490514432e-01
-7.542839591054036064e-02,-2.387542860966450908e-01,3.363890802098531418e-01,-1.265724149153553066e-02,2.239754462048978989e-01,-1.150623465684861985e-01,-1.070602049519665810e-01,-9.852897110594448227e-02,-2.046686622293470703e-01,-1.502234670966476338e-01
7.973768439630410931e-01,1.434050765313539477e+00,7.381920243223214495e-01,7.755370712105378317e-01,1.040124233563189282e+00,9.327714781021252399e-01,8.541358414563847701e-01,9.310619757627310866e-01,8.479493491533925953e-01,5.796050943434700731e-01
7.468138511547538494e-01,6.124554112489176694e-01,8.040654588531730429e-01,7.818177195755824371e-01,1.066928064063639159e+00,8.347386936418396131e-01,7.941788367302348162e-01,6.388069301813927847e-01,7.550345425713335112e-01,6.665502322809582214e-01
2.717408956475080364e-02,6.098449043767444067e-02,-2.311148957148301264e-01,5.346276796758684391e-01,4.588588399622474112e-01,3.076460405326698067e-01,3.206106172641677299e-01,-1.037375083654918373e-01,4.343702589319982099e-01,2.868924769064736813e-01
-1.794738280298827371e-01,-3.478837014804282007e-02,3.365224941635455713e-01,-5.705620322916455517e-02,1.733824514310710885e-01,3.339599569807413099e-02,4.247199677995098371e-02,3.766403847583789100e-01,-1.521491992305907259e-01,9.883401447819124830e-02
4.979223709071810555e-01,1.430361875151039408e+00,7.341062933965007975e-01,8.084226015885389582e-01,6.992499599817223466e-01,1.037045049005738351e+00,9.157391363766180792e-01,9.690722067063615164e-01,9.269092359844894879e-01,5.445314453869963822e-01
7.115864246999162868e-01,7.474382503546440626e-01,8.011837555598634308e-01,1.122795967275060924e+00,9.290935283884782514e-01,9.909713996791001955e-01,9.343403094389310937e-01,1.042084057179218703e+00,7.299325066786346294e-01,6.633201721339977430e-01
1.241738839669995764e+00,7.341442540549738549e-01,4.845081769367862168e-02,1.611919187713828805e+00,1.074741547629621374e+00,1.395985532184809363e+00,1.071437738698364450e+00,7.443906516940456131e-01,1.146957470680970204e+00,9.121054853325928358e-01
1.156262716552769465e+00,8.018893114235616792e-01,3.746442011648475345e-01,1.246202036868382157e+00,1.048283808439987252e+00,1.394451589176447293e+00,1.120520809760527703e+00,6.774164508633372384e-01,1.112769136234026846e+00,1.027363502776805992e+00
7.155042531035974429e-01,7.098359538564487092e-01,4.515259813456637961e-01,1.072361492203007582e+00,1.040752277385386337e+00,1.124947978279635663e+00,9.276866252250111078e-01,9.843364686859071844e-01,9.979128136303114793e-01,7.758570364594639113e-01
9.011243236017403291e-01,-4.604800995075528092e-02,4.479757375219761695e-01,5.797536661288587023e-01,6.273526862372028612e-01,4.390034867022191145e-01,3.561820028867695997e-01,3.107967153936854743e-01,2.502852057352134563e-01,3.374524194988480774e-01
-1.469736623995006930e+00,4.599021787237622672e-01,-1.887599448976622130e+00,4.204332023053570233e-01,1.647212071979935188e-01,9.818258159519980266e-01,8.798530655648300058e-01,5.350693140064777253e-01,-1.013836829249745719e+00,-2.128135851909160048e-01
1.696835811249945147e-01,3.628036278719946883e-02,-1.019009815671406249e+00,-4.565596372021761273e-01,-9.687648806778553778e-01,-1.320004254856698811e+00,2.439554366122457379e-02,-1.162275099383969640e-01,-5.389169274328750037e-01,-9.163518454154419013e-01
-1.847641875906746722e-01,-5.358652670056468503e-01,-1.015919526667582895e+00,-2.943856002229642943e+00,-2.768087340010016106e+00,-2.520775836813238802e-01,-9.628697425653595654e-02,4.807432443028953895e-01,-1.715960204994333715e-01,-5.121743592506693421e-01
4.779224307215361733e-01,-1.404157935060615370e-01,-5.614673035629765829e-01,-1.036263002974735947e+00,-9.734159138335954919e-01,-1.700498083644030323e-01,3.276820933238512312e-01,3.290326664205606710e-01,8.962632753016870971e-03,-4.551603609957151075e-01
1.053930202536915994e-01,-2.052422903158437895e-02,-9.436933764224644250e-01,-5.752971758534056734e-01,-8.947510825686846303e-01,-5.520184999802641990e-01,9.666780335448547923e-02,-2.983404325106713273e-01,6.662753314884329316e-06,-3.676940234424653786e-01
5.636531806793535493e-01,4.068238044364017592e-01,-4.888577426788255909e-01,-7.707823742396835431e-01,-1.379256336486835099e+00,-5.392350262113403403e-01,3.981135531507830061e-01,5.487995503866297531e-01,2.878461499517705469e-01,-5.598150338296582484e-01
9.323015636533901196e-01,6.305444001956700406e-01,-3.735733999922054988e-02,1.135503443092436004e+00,1.048815289113831151e+00,1.365444948633917965e+00,1.065752070851028188e+00,7.100824216183649895e-01,1.158277193214825029e+00,9.382349879494248368e-01
-6.458589089269128891e-01,-7.937446562068475320e-01,-1.514115107698953855e+00,-2.380960438600766005e-01,-3.346981300340448051e-01,-7.326206574245686109e-01,-4.902564499771462359e-01,-1.092158521628188161e+00,-7.455442198936329534e-01,-5.193793697603403814e-01
1.966536146817407849e+00,-8.001347605147594022e-01,-8.815325331839463097e-01,-1.319622995223307171e+00,-1.270232622397281075e+00,-2.403530850807413313e-02,-3.139328602733139628e-01,-7.318481819061511962e-01,-2.778359794213032252e-01,-1.209303045221067574e+00
-6.216474369983302495e-01,-1.310539276643325035e+00,-1.631684985073842409e+00,-3.088857748390754776e-01,-1.259293095105373794e-01,-4.628835366177859179e-01,-4.605627622791875209e-01,-6.210717865435710916e-01,-5.155797648426599933e-01,-2.712764003984481920e-01
1.501655743107622454e-01,-4.977197990685657270e-01,-8.878438871555084377e-01,-2.117441910211928791e-01,-3.618232853640872965e-02,-1.482946823000342584e-01,-1.960776077730487232e-01,-8.054466906839163887e-01,-2.768193411600180509e-01,-3.834928250766279911e-02
-1.624204361525158902e+00,2.134305205187672527e+00,1.537295223341525796e+00,-7.325279938922090173e-01,-6.218368061403002356e-01,-9.848842605443588472e-01,-8.403592297211439632e-01,2.104625110297646262e-01,-4.337080480254044135e-01,1.898564160586349470e+00
-1.437594574231268352e+00,2.120338839270443199e+00,1.520912401654078705e+00,-5.823076225142301832e-01,-5.053618385164446725e-01,-7.688483563359440609e-01,-7.461062536904129461e-01,3.149134821127445583e-01,-3.967107911030192668e-01,1.889486403102077938e+00
-3.130677609233417424e+00,1.814772699625769148e+00,1.166942615361946656e+00,5.511688400626693074e-01,-1.120684431197335629e+00,-2.889281166360016861e+00,-2.905156109622108129e+00,1.088330733809661943e+00,-2.875869808026272789e+00,-2.720293892290364557e+00
9.037105158349779677e-01,1.250047504961195211e+00,5.360358364433538414e-01,1.253723018054320459e-01,-7.217616422095694817e-03,3.430247917551004343e-03,-1.408948639201499098e-01,9.993933823561050867e-01,-2.189021356274990782e-01,1.311109813707560967e+00
4.142548065075259411e-01,2.425066951166046370e-01,5.848161346594377835e-02,6.043189034381488689e-01,7.052053516148664158e-01,9.297306844580476293e-01,6.764331300130125291e-01,2.751126594972955752e-01,8.128494674147983545e-01,6.339912661891039525e-01
1.054418019329511180e+00,5.023486043644280752e-01,-4.331051595171798718e-01,8.090725525127562268e-01,1.120503892868050189e+00,1.088975566708767717e+00,7.848981312932037380e-01,2.794498388935302557e-01,8.172512132217037983e-01,5.932251887904755883e-01
6.291751318248768321e-01,-1.112806346818227474e-02,5.820753770915014780e-01,4.549347373621782653e-01,5.271948810363613624e-01,4.898197279150849348e-01,4.172283118312610228e-01,9.835204578733043324e-01,4.125410106739638705e-01,3.353666147784958862e-01
6.995543708215088419e-01,4.715036378732358480e-01,-8.761268773536533272e-02,9.660925089788086062e-01,1.137827301872551100e+00,1.074864532805419159e+00,8.920483708442076276e-01,7.944638585011253307e-01,1.029055755174376197e+00,7.598276760017552700e-01
1.557841950194877867e-01,7.399583043131499616e-02,-1.122062973604706221e-01,7.263416664108479637e-01,8.360133336323268827e-01,7.015859862661144586e-01,5.700538904304365273e-01,5.832415536178668924e-01,4.341461371135162395e-01,5.268677531483098031e-01
-7.755235800694869619e-01,-1.272444535596255033e+00,1.427949113063503361e+00,-8.995391292156585950e-01,-1.070091825837772737e+00,-1.361590823286295659e+00,-1.091037995101749924e+00,-1.160493916049915919e+00,-1.148610933923343680e+00,-1.122696794815429389e+00
-6.434621694168631834e-01,-7.972677130995750039e-01,-1.511954488818780140e+00,-2.455550770124919902e-01,-3.152499744150616956e-01,-7.271921348595397072e-01,-4.984485174820789677e-01,-1.083315747071913471e+00,-7.550348791580113739e-01,-5.283056066409695939e-01
8.386233219188077292e-01,-2.403207659812502117e-01,-1.254462012232566703e+00,4.782635834345232428e-01,4.311676103852680186e-01,4.594002803786015332e-01,1.295528987362070672e-01,-2.344143634880945515e-01,1.848417686234802570e-01,3.302327451436100070e-01
1.031553849468911155e+00,7.735888531781883737e-01,2.553296185268744134e-02,1.406109727249736263e+00,1.122002452050430144e+00,8.810058871245205481e-01,1.199903701854708737e+00,8.862714268781848315e-01,1.277900119258529976e+00,7.374736181755354725e-01
3.923414605268910615e-01,1.077947455837886676e-01,-6.419802602876127917e-01,-3.337007923838815060e-01,-3.640554498504511849e-01,-7.753439854463688441e-01,5.129594364038819743e-01,6.971238038821585270e-02,-8.930944573277301013e-02,-5.054936280837106777e-01
1.048231353599763160e+00,1.231648571268871395e+00,1.018913554980572567e+00,1.486440377227881138e+00,1.274671594634299021e+00,9.020846094346793853e-01,1.166734084746662736e+00,1.749627656893698591e+00,1.800601874428295224e+00,8.278143258414950578e-01
-1.036990803983156129e+00,-2.443305326999283711e+00,1.529606808166579013e+00,-6.728470756172896250e-01,-9.759376422941791196e-01,-1.938873336907651179e+00,-2.210615865988982964e+00,-1.469573836729321181e+00,-2.064540490676765039e+00,-1.278220670958356342e+00
-7.027080999957283636e-01,-9.714022134823293575e-01,-1.176545916069066555e+00,-9.459397194544809651e-01,-7.513355593798032306e-01,-7.538655364491979594e-01,-7.262237686508909995e-01,-1.306482111585442363e+00,-9.106212021828852254e-01,-6.229410789851875796e-01
-6.004631294926905394e-01,-3.867079968371254783e-01,-1.100954578702684650e+00,-7.299565604524728135e-01,-6.555632882939085304e-01,-6.198214963615535922e-01,-6.184414417378520934e-01,-1.245276968786714678e+00,-7.671715938941939816e-01,-4.903076121645466023e-01
-9.695955297937084438e-01,-9.257811103704669531e-01,-1.456699008625976344e+00,-1.308181707363833324e+00,-1.025613941442827137e+00,-1.002891792085523370e+00,-1.034659466118807991e+00,-1.521574982856942926e+00,-1.170931155704839188e+00,-1.801144348969687392e-01
-1.059793460722080249e+00,-6.290267799431716877e-01,-7.521398337427681602e-01,-1.657833887139164908e+00,-1.539740604284436154e+00,-3.369731146047046377e-01,-6.074643787788672755e-01,-9.054707755192621388e-01,-5.054681787759844891e-01,-4.461910666994563512e-01
-7.066435376488217068e-01,-6.991817617594431322e-01,-1.341393744865063686e+00,-1.711279593134241939e+00,-1.357665765889542575e+00,-8.522287310909139046e-01,-7.543041200114828371e-01,-1.287121913241492832e+00,-7.759993575683212796e-01,-1.192417989190099670e+00
-6.961229648737156106e-01,-7.589069618969475073e-01,-1.427433796020024070e+00,-1.613763646011647790e+00,-1.386009358813455883e+00,-8.992529351015615680e-01,-8.643810146404312666e-01,-1.362424521114816489e+00,-8.640406754865426198e-01,-9.711961490458266288e-01
-1.019868817859200361e+00,-6.235403697885513186e-01,-7.839045364348455891e-01,-1.673029739076484113e+00,-1.467577989982867370e+00,-4.298276501617790957e-01,-4.713061648149455274e-01,-9.134480596190486246e-01,-5.797583695200282383e-01,-1.308577772650699966e+00
-1.019868817859200361e+00,-6.235403697885513186e-01,-7.839045364348455891e-01,-1.673029739076484113e+00,-1.467577989982867370e+00,-4.298276501617790957e-01,-4.713061648149455274e-01,-9.134480596190486246e-01,-5.797583695200282383e-01,-1.308577772650699966e+00
-9.573551042177124160e-01,-1.240025327337807237e+00,-1.741278784265846147e+00,-1.325164744348055867e+00,-1.121936768520122696e+00,-1.033962892183674542e+00,-1.053637165124742703e+00,-1.588417544248081237e+00,-1.190501094000190774e+00,-8.621859650605804282e-01
-9.573551042177124160e-01,-1.240025327337807237e+00,-1.741278784265846147e+00,-1.325164744348055867e+00,-1.121936768520122696e+00,-1.033962892183674542e+00,-1.053637165124742703e+00,-1.588417544248081237e+00,-1.190501094000190774e+00,-8.621859650605804282e-01
-1.570105938186797889e+00,-1.201202814123088825e+00,-1.113432596613751047e+00,-1.558283495391552975e+00,-1.888467222267287582e+00,-8.939254410703904030e-01,-1.049976184866244333e+00,-1.448793214974713583e+00,-1.118239354946669151e+00,-1.718166265207944354e+00
-1.302741417338810992e+00,-5.457274620677198262e-01,-1.727495254152767501e+00,-1.011508780197704765e-01,-3.238390598582022162e-01,-7.284562243383245761e-01,-8.382253893585699389e-01,-6.839807380759950206e-01,-7.203570715002720615e-01,-5.078149882425607720e-01
-6.039601676264158003e-01,-8.461495748525617033e-01,-9.401917113893253353e-01,-1.162648399701714075e+00,-1.085821010426535782e+00,-6.043156831415649188e-01,-7.055749607441860194e-01,-9.966804018382990904e-01,-8.200085875788745149e-01,-8.049644661852256577e-01
-4.810294060854748421e-01,4.965147109333887046e-03,-7.376636359442007018e-01,-1.032782375132212938e+00,-9.881265910026124644e-01,-4.676209597720790145e-01,-5.136076511531276756e-01,-7.809620761910165410e-01,-5.960742110750489875e-01,-6.995560799226984150e-01
9.779175928301594434e-01,-1.456152407898948509e+00,4.649377592799812109e-01,-1.574636326596155211e-01,5.411466719537034731e-01,-5.840515808138880827e-01,-1.014178630488914656e+00,9.837413404733030831e-01,-1.279099653999552499e-01,-9.535571857460869438e-01
6.008064967218711416e-01,4.014060778938095542e-01,-3.386585306927757943e-01,8.015676610489668175e-01,7.994113587006878019e-01,9.973320508332226275e-01,8.281718388195126179e-01,3.431619809267041354e-01,8.680989475964258073e-01,7.174036675250613504e-01
9.701518752233906362e-01,1.429310575333698541e+00,5.988823790265526137e-01,1.742842683444990159e+00,2.167175975204388982e-01,1.518712477272803341e+00,1.701466168175452820e+00,1.659934105222454770e+00,1.879975417161204865e+00,1.350173471937842429e+00
1.159683150667304291e-01,1.124233446199796316e-01,1.507904280991852364e+00,6.368885249804385751e-01,6.411778808395833806e-01,5.120791945875875495e-01,5.823564707724102618e-01,2.982550585158685874e-01,6.770925661252666927e-01,5.326775328887032313e-01
-8.931083885987238791e-01,-7.822556587473082912e-01,1.438738181015591699e+00,-3.311752293788864931e-01,-1.828922570294788663e-01,-3.429387635076880936e-01,-3.227776173196209020e-01,-8.285227710231591880e-01,-5.495610405085791239e-01,-3.615900403646190586e-01
-7.171618135371364833e-01,-1.051405915186728990e+00,-1.779090274651499826e+00,-4.248260257528568840e-01,-2.873828412690261902e-01,6.332006269590094438e-02,-7.248872356519977522e-01,-6.357868275336974184e-01,-5.136015288674455892e-01,-4.070905709577412601e-01
5.776375278891550114e-01,8.560765644226034365e-02,-5.417648697228664156e-01,5.908525711099041899e-01,6.442404768206787535e-01,5.650884958694235571e-01,4.841690016695000542e-01,6.114339322159766388e-01,5.190380868310696671e-01,4.195351737736572884e-01
-2.206543997187140338e-01,-1.094788733653495189e-01,-1.098766055639435635e+00,1.799872941923222058e-01,1.808353102831514181e-01,2.868765779068448429e-01,-9.330884440773845601e-02,-1.433138761803253447e-01,1.167072453814028410e-01,9.315490943143392433e-02
-7.139306572437333909e-01,2.395834883020414308e-01,-1.372633644956756660e+00,-2.943856002229642943e+00,-2.768087340010016106e+00,-1.516356752936975472e+00,-7.750072058146303400e-01,-1.307815460167006005e+00,-1.091496195344394238e+00,-2.062879576434368367e+00
8.890667367178042291e-01,3.510742674378991013e-01,-4.563882963021235195e-01,-1.246414375183830137e+00,-1.553506318445302625e+00,-1.042159479168872360e-01,5.992124598588742801e-01,-5.645432838289570210e-01,-2.061568541368458685e-01,-1.239436019201855199e+00
-6.320607804466555901e-01,2.177295918193938584e-01,-1.296309714142917624e+00,-2.943856002229642943e+00,-2.768087340010016106e+00,-1.050149235725602148e+00,-7.791182292629378336e-01,-7.713995252568476291e-01,-8.408287753443376422e-01,-2.063204777710471394e+00
-6.280278338423589402e-02,-3.870759404272006710e-01,-1.061121700676106228e+00,5.490262690983515048e-01,5.307801515878286525e-01,3.096686136010707302e-01,3.744299788933779828e-03,-5.010937371378880734e-01,-1.065210428540232929e-02,1.763672686243825671e-01
-1.093555903626451144e-02,-3.850042825366009613e-01,-9.960560969557648026e-01,5.589121979383172567e-01,6.184366973374431087e-01,4.323205337086130085e-01,4.287575814204212798e-02,-5.226096256446919330e-01,2.995010977121271255e-03,1.514663334425635499e-01
-2.282034769628154880e+00,-2.148287004544799927e+00,1.125597402746006948e+00,-1.872562013777860468e+00,-1.791117599330709353e+00,-1.788433019088402354e+00,-1.968723893825023330e+00,-2.093567655954200912e+00,-1.691091896433549291e+00,-1.575122478062922715e+00
-3.208146622341570553e-01,5.989798939987817095e-02,-9.188620080112752664e-01,-1.026917997147676481e-01,2.002127296355277475e-01,1.901096105156348803e-01,2.365112374753818719e-02,2.277971693529106112e-01,7.055710470873019155e-03,6.348466510340468327e-02
-2.163497941577011419e-01,-7.274294671065790752e-01,-1.931064353771086983e+00,-9.648395113125722844e-01,-7.894966563316804242e-01,-7.752243367523693474e-01,-5.451457026278657692e-01,-9.654676354475159039e-01,-1.080469927211901382e+00,-7.049918531881740336e-01
-1.603860855038053312e+00,-2.033432634452681409e+00,-2.221149495892124293e+00,-8.105542871885063061e-02,-2.808641067921180401e-01,-6.533624475312150848e-01,-6.877935217097952414e-01,-1.341068184584157441e+00,-1.518983463468517092e+00,-8.697230582736353854e-01
1.164932546833540083e+00,7.069558961189094104e-01,1.030760090609451618e+00,1.192017326153928414e+00,9.534715847419021895e-01,8.207809546716076099e-01,1.142091024866381588e+00,7.340128262537736203e-01,1.107464418096181902e+00,5.954929536154539571e-01
-1.084297837584014657e+00,-9.811690347910491106e-01,-1.490478322996725780e+00,-5.054018935060479167e-01,-3.009768565802025675e-01,-6.349366708596290154e-01,-6.575075173330552358e-01,-1.075239406158380984e+00,-7.739930639637085941e-01,-5.256249765050875489e-01
1.094907680520310178e+00,2.247612157525746557e-01,-3.148916831580328424e-01,1.008425246869795400e+00,9.086596679215008798e-01,8.981755605801964304e-01,6.810212579925141174e-01,4.340757422656890685e-01,8.599099995260677254e-01,6.454065219977425105e-01
1.191047124304817961e+00,3.432067968557463433e-01,-3.148916831580328424e-01,1.030502006132274939e+00,9.624622621851611770e-01,1.054221326661776814e+00,7.252569312749975738e-01,4.609870536137547492e-01,8.293194799990207811e-01,6.937553696608376175e-01
-2.005345813852362102e+00,1.867275161416880547e+00,1.227147978672310957e+00,-8.389707152044763028e-01,-9.533446867470435349e-01,-1.493505293759878061e+00,-1.604063119771775181e+00,2.356482151595366004e-01,-1.137351496821379371e+00,-1.380989814899155288e+00
