2.959557377097333797e-01,-5.721740863571398578e-02,8.864830536684360496e-01,1.233726619250532730e+00,7.080271885218376582e-01,-8.925744218319890955e-01,-1.254885047571405288e+00,1.055547820902886347e+00,1.134617745044196102e+00,1.275136034484027681e+00
2.959557377097333797e-01,1.295543386236672312e+00,1.398410883566961971e+00,-1.357990530080960545e-01,7.080271885218376582e-01,8.546207767868405636e-01,-1.204924906938620588e-01,-1.163496272375853291e+00,-7.958476120896837980e-01,1.460827632967033773e+00
-5.023961746676607332e-01,-3.815860736360291439e-01,-6.613169567526587696e-03,-7.197732650941067734e-01,-7.012760974730619656e-01,1.719369653339084814e-01,4.257882803032104202e-01,6.005593252145172700e-01,6.043111229279887198e-01,4.603986706761116210e-01
-1.285260714348338551e-01,6.574161796602013830e-01,3.543206873103265653e-01,-6.256379805363082580e-02,-6.018225483711761026e-01,-5.610263290827890437e-01,-1.166366442224588074e+00,2.205447991370874661e-01,9.264225562863670493e-01,1.018685138282109826e+00
-8.907388501535260517e-01,1.820902774261973667e+00,-5.862455538966067359e-02,1.096142071735798640e-01,-7.841494235131160062e-01,1.554180074082247565e+00,1.038919262982110903e+00,-1.221552912550186942e+00,-1.160482882012610073e+00,-1.239134275507125960e+00
-3.495049828507040129e-02,-4.043961433550561924e-01,-4.987395185677853116e-01,1.653188923283058775e+00,-2.598239533340574448e-01,-1.175921979452379862e+00,-1.350970740604207743e+00,1.296674835150206095e-01,5.205968724054750307e-01,1.799185200397322160e-01
-2.223609520066189393e+00,-7.384726237603471688e-01,-1.391398951077615687e+00,2.596720688498348473e-01,-1.049456702343509296e+00,-1.413303257278268665e+00,-1.464992858972517187e+00,1.047356648515793465e+00,1.363679994644680704e+00,7.530303894601571013e-01
2.499451388999338608e-01,-9.380828213047368580e-01,-1.429989531397266589e+00,1.012440034840495828e+00,-1.055266622904715623e+00,-1.405157783828792084e+00,-1.448122058675264334e+00,1.607579459995603033e+00,1.877605682368039153e+00,-1.594327268048440827e+00
1.871724761079473498e-01,-2.459512637107069966e-01,-1.376439046984653025e+00,1.857576643771215563e+00,-1.139035953748198438e+00,-1.350687961372144086e+00,-1.352239895060090236e+00,1.237334853844517468e+00,1.489991530451438617e+00,-1.592732576346513218e+00
-1.478032116122875717e-01,3.547392495522354583e-01,-1.110429642621333812e+00,9.104036328504256925e-01,-1.666779639052850870e+00,-3.609286695680639645e-01,7.108689044760668763e-01,4.409662891172485555e-01,1.013887061543687462e+00,-1.594327268048440827e+00
2.807810747427275655e-01,1.313473412540421270e+00,-8.145199236874511861e-01,3.348154469242505260e-01,-1.054361779561572066e+00,-1.017448388145988369e+00,-4.689525895466363226e-01,-7.005540256324825632e-02,6.150700473821483216e-01,-9.980388941262446911e-01
-3.539195816608603495e-02,1.262644861579680367e+00,-9.341197254755566615e-01,3.150655277547201871e-01,-9.449529158920286775e-01,-1.112240006189957109e+00,-8.345371434653579001e-01,-7.005539218759249120e-02,6.605525571576307264e-01,-9.271147359777283103e-01
1.170917456543878049e-01,1.397802727769896780e+00,-5.493842127426772359e-01,5.222008450459061368e-01,-1.351903690858759832e+00,-4.437092723893205082e-01,5.962278582796296522e-01,-7.005539218759249120e-02,6.274955914061306483e-01,-1.201605409145476200e+00
2.093368045260947385e-01,8.392561828146769543e-01,-9.562597542260234951e-01,8.515005995885974732e-01,-6.158654697946071011e-01,-1.309954788618087784e+00,-1.414472237284999157e+00,6.157718925487848383e-01,1.114098239593712902e+00,1.411042076728675987e+00
-5.063131574011991293e-02,3.367789656081097704e-01,-1.147275388028618393e+00,1.728489573032968352e+00,-4.323434796436190219e-01,-9.718056383370526907e-01,-1.292241773862482734e+00,1.488947800147362388e+00,1.809385939210332861e+00,1.466811017543114382e+00
-1.477009744102499023e-01,9.382052898135583296e-01,-1.009946294064636207e+00,8.926159642061320953e-01,-9.508489841558922517e-01,-1.196052859396083967e+00,-1.329190489350644766e+00,6.157719005863624417e-01,1.044852976839471204e+00,1.213263992619199483e+00
-1.478017907153788280e-01,1.559217241785312513e+00,-8.663471865241109127e-01,1.766570101816368477e-02,-1.967349773312231820e+00,-3.896418061161532331e-01,1.125936036869039203e+00,-1.714631627468298447e+00,3.567662249814702036e-01,-1.594327268048440827e+00
2.849702566812358562e+00,1.348225584073810657e+00,9.578556419900596808e-01,6.679746296730190158e-01,-5.809771033662228801e-01,8.470069963763613430e-01,1.130297951229806586e+00,3.324261833155137125e-01,-1.343841175542494042e-02,-1.970331727536010769e-01
1.785962230612613277e-01,1.704217032698154055e+00,1.416451109554497378e+00,-1.011433420234122416e+00,1.303243973834179004e+00,1.216436193709198310e+00,6.080242688823898067e-01,-1.628512088985458073e+00,-1.474624191722807343e+00,3.893131092287049344e-01
-1.515277844688829534e+00,6.347424859476320791e-02,-1.232800904372965412e-01,1.516534399260632826e+00,-9.669298164055810663e-01,-1.413303257278268665e+00,-1.464992858972517187e+00,-8.541958532278933758e-01,2.904330325051960315e-01,3.591250477551614639e-01
2.457502561659990759e-01,-7.802871883462391134e-01,-5.109421803984854904e-01,1.435740929993057913e+00,7.516937631724975866e-01,-1.382680769771597706e+00,-1.448261063774169077e+00,2.007240088921181886e+00,9.536894180011724897e-03,1.378618282304042042e+00
-8.390069706330858246e-01,4.400345702159494943e-01,5.997691087635913521e-01,1.067395879545675330e-01,-6.608249011693142494e-01,1.223121810217979721e+00,1.139728406768756974e+00,2.157143707103343466e+00,9.298474935393045981e-02,-8.023885769430361137e-01
1.199737709803603974e-01,-4.070769895601284230e-03,-8.743348480739828732e-01,3.472410046871636236e-01,-5.422709443059610113e-01,-1.413303257278268665e+00,-1.464992858972517187e+00,1.416889904645796783e+00,7.454010627925873322e-01,1.095725579030189190e+00
2.658649517826668363e-01,-7.366389105319152142e-01,-9.768589288923514857e-01,9.095460569017041474e-02,3.097129582392634806e-01,-1.344703837328708573e+00,-1.436038764421098346e+00,9.027950333868115518e-01,1.240377779045309214e+00,1.805837253948808119e+00
1.300263834168294386e+00,-3.717122861033613224e-01,-9.645322338690283104e-01,5.176969909588889918e-01,-3.876725246226446209e-01,-1.256875881942954631e+00,-1.417989498192647302e+00,1.258335028051057014e+00,1.418202901796488113e+00,1.270823607512406639e+00
1.196783141611791113e+00,-3.699062757582522454e-01,-1.027882135787443474e+00,5.567219464053168032e-01,-5.081561516489818686e-01,-1.387487980677510668e+00,-1.449870404388978073e+00,1.286797021460897694e+00,1.335155076013819553e+00,1.393419478450559135e+00
-3.453891996701380918e-01,-5.012358245466056461e-01,1.336139387823503499e+00,-1.168682752860965568e+00,1.244649330077636007e+00,-6.461854433719123048e-01,-9.381486161049518158e-01,-1.183401664715095558e+00,-9.909794334194679255e-01,-1.127582677522247279e+00
-3.127054314948652380e-01,-4.889068365833639795e-01,1.353712517248133240e+00,-1.136013249581115936e+00,1.244649330077636007e+00,-6.305951347259565187e-01,-9.111913329755582103e-01,-1.214254395983140000e+00,-9.914828022983367406e-01,-1.287958975926922767e+00
1.861356558482710755e-01,-4.188070749505249935e-01,7.929088045111271077e-01,-1.298703503796098557e+00,2.304703446753822160e-01,8.976426021341719075e-01,1.134457247960960036e+00,-9.741890915833282261e-01,-8.860134967117755389e-01,-1.438898697236368873e+00
1.661222450412658480e+00,-4.252486197721538352e-01,-1.146959004094570300e+00,8.966125551272433047e-02,-6.429310635845310040e-01,-3.396551796014921631e-01,1.139728406768756974e+00,8.985690670500553479e-01,1.275969515930610143e+00,6.334762406009569746e-01
-5.057729205242086357e-01,1.644988071021703968e+00,1.732987420827418079e+00,-9.732159630931273842e-02,-5.322682777748383165e-01,1.310304362542170420e+00,1.041062379116884706e+00,2.753073268715149902e-01,-1.766451048570691074e-01,-2.688458798146702022e-02
-5.057729205242086357e-01,1.147886344317550433e+00,1.659619035720913294e+00,-6.255072265723208291e-01,-5.322682777748383165e-01,1.550580132873310868e+00,1.139728406768756974e+00,5.032971233826802893e-01,-5.662484235944881261e-01,-9.946645995054169687e-01
3.005776337638966234e-01,-2.501846483516094732e-01,-1.074547229062585041e+00,1.162919002221295184e+00,1.442055094399320170e-01,-1.185850418777580462e+00,-1.227668683539309580e+00,1.896026177780657074e+00,1.749636696008293635e+00,1.340468534375588883e+00
-2.223609520066189393e+00,-3.079030011533579470e-01,-2.824613525453174012e-01,2.859091890766625177e-01,-5.839751243585329377e-01,7.350949051485884400e-01,2.889562861229573801e-02,1.772374675149566148e-01,-2.729970083429890115e-01,4.562438620107753251e-01
1.061494663560786922e-01,1.093897877201919222e+00,1.132606518569684972e+00,-3.574313300925774373e-01,7.321805608641137608e-01,7.310800842405599242e-01,3.690159983090425810e-01,-4.415287462014496622e-01,-8.135918782401238003e-01,3.969451825516753102e-02
1.061494663560786922e-01,-6.548128925286271773e-01,-2.464116493389059970e-01,-5.249473056351786626e-01,7.321805608641137608e-01,1.675910640591001324e-02,-4.847189957815006278e-01,-3.055692902033833591e-01,-6.309803797038875395e-01,2.956477562037714280e-01
-2.223609520066189393e+00,-6.915558838888449245e-01,-1.204680165582281637e+00,1.791083413017928283e+00,3.655482057088321191e-01,-3.102587771151198992e-01,-4.403027008092048611e-01,-8.081384200344469138e-01,5.091871724488242767e-01,-2.463736818269424145e-01
1.129012780207700739e-01,-3.308954405136453336e-01,7.261948801741708870e-01,2.476761797481777660e-01,7.819515107771954909e-01,1.227275512365330945e+00,1.035167136504797636e+00,-1.358568328897710176e+00,-1.416072165779608483e+00,-1.594327268048440827e+00
1.129012780207700739e-01,-3.308954405136453336e-01,7.261948801741708870e-01,4.655318151120385051e-01,7.819515107771954909e-01,1.227275512365330945e+00,1.035167136504797636e+00,-1.358568328897710176e+00,-1.416072165779608483e+00,-1.594327268048440827e+00
2.849702566812358562e+00,-3.607855041876551483e-01,-7.246622474296766647e-01,1.060556617540163948e+00,-8.941096010784166381e-01,-6.163790172941179257e-01,-6.500134374250442493e-01,1.324814103646642760e+00,1.266614324739789188e+00,3.559808056769695472e-01
2.849702566812358562e+00,-2.570371700856761699e-01,-1.065635316385203035e+00,9.687895270845223727e-01,-8.941096010784166381e-01,-1.013604173720011214e+00,-4.951386456547492987e-01,1.612031037996817240e+00,1.377710628844300178e+00,3.081789222883358215e-01
2.481775227929264860e-01,-1.387164933871665395e+00,-1.211035561208832823e+00,-1.226908589624067902e+00,-1.135819769838543269e+00,-2.009878775814350482e-01,-2.608831441624541447e-02,-5.138658713437729286e-01,-1.167233783920064022e-01,-5.442738430110056758e-01
-2.223609520066189393e+00,1.370572706971464383e+00,-1.237116640896679609e+00,-3.052593493790672352e-01,7.426995328904939520e-01,-6.186666178101329905e-01,1.129547146615121012e+00,-1.041357444418603118e+00,-1.074382734259014871e+00,-1.163552261076447492e+00
-2.223609520066189393e+00,-3.394526403913039059e-01,6.648044165929967164e-01,-9.379711923939636486e-01,2.221875642045731750e-02,-1.413303257278268665e+00,-1.464992858972517187e+00,-1.181261199831805664e+00,-5.342167101893711134e-01,-1.339210718113925003e+00
-2.223609520066189393e+00,-1.170062959048672468e-01,6.271896283938902528e-01,-6.405692359049961482e-01,2.221875642045731750e-02,-1.413303257278268665e+00,-1.464992858972517187e+00,-1.244102133461350679e+00,-2.352782256303218023e-01,-1.391915190959228221e+00
1.735193392111505917e+00,1.517262124874914964e+00,8.993392727657555374e-01,-4.175081896056120900e-01,-5.593709556402560734e-01,7.685215114988683816e-01,5.288462063553311943e-01,-4.460855492139454426e-01,-1.154271902982271003e+00,4.836365782841171024e-01
1.583150205662865739e-01,1.123551425328959963e-01,-1.005144684423295409e+00,1.486669374466547788e+00,7.688532043096996116e-01,-1.246895399651305247e+00,-1.413406322510867952e+00,1.359782035746778694e+00,1.654486072357225890e+00,1.721038625170391745e+00
1.306420792659905850e+00,-3.881825566690655371e-01,-4.211766824389402974e-01,1.139217209134056663e+00,-3.310344325387331033e-01,-1.173479378997275502e+00,-1.320630690038623545e+00,4.483838069121391656e-02,4.891078175863032285e-01,-5.513386034687774162e-02
1.608775214102756701e-01,-5.053010394176963294e-01,-1.072863593381457870e+00,1.398709774340733514e+00,5.877465858930429610e-01,-1.067312007659553474e+00,-1.228535967262884609e+00,1.796929090514849836e+00,1.670358940804815839e+00,1.636487565776188147e+00
5.391893444787924233e-02,1.141505581848831358e-01,4.435148544952507987e-01,-1.420260811001488044e+00,-9.819485816020810942e-01,1.775758520028493770e+00,1.139728406768756974e+00,-9.085465721306070774e-01,-9.326314945313317339e-02,-1.204703005894943502e+00
-1.158271424086478874e+00,8.648357300288009308e-02,9.669931491665079148e-02,-1.398056939030801082e+00,-9.819485816020810942e-01,1.767742549384287543e+00,1.139728406768756974e+00,1.174289401664201371e+00,-1.737778731586925030e-01,-1.307924552791041473e+00
-2.652155724323635444e-01,1.076920466150523392e+00,1.305381920013426011e+00,1.642909279141779311e-01,-1.478202337247245812e-01,1.188034570019928626e+00,6.347895283016745660e-01,-5.948779368558665404e-01,-8.850082242544266009e-01,-1.140355734816383276e-01
-4.901239392647695481e-01,-7.888477012678014599e-01,-1.251837446615213567e+00,-9.123365222636146132e-01,-1.218925459957196367e+00,-1.268578969977836701e+00,-1.355776389749953958e+00,-1.223931739542706981e-01,4.832851850505213709e-01,8.893783487534798748e-01
-2.223609520066189393e+00,-1.348324786042136347e+00,-1.246612101777801129e+00,-5.164807742548747083e-01,1.633748205280490251e-01,-1.146314549726537457e+00,-1.382910203795200799e+00,-1.708512231148991312e+00,-7.397215207867861020e-01,-6.339969303997887717e-01
2.716551117450420882e-01,-8.173821273363579554e-01,-7.975215093008366507e-01,1.365203921163953504e+00,1.882408620007588462e+00,-3.335508939022091557e-01,8.064375817465879726e-01,-1.714631627468298447e+00,-1.528305328395406004e+00,-4.885232551846106497e-01
-2.178869740376776498e+00,9.049808237408546452e-01,5.275910165813603170e-01,6.808621264731802292e-01,8.761705583496293137e-01,7.353233618366017410e-01,4.428800279950351887e-02,-1.765711372464273121e-01,-3.567505089595633949e-01,5.106773998379354751e-01
2.876231204390650720e-01,7.236776876513341117e-01,1.134262592298747263e+00,5.292883784142841108e-01,1.998835351896723900e-01,4.082114033529908870e-01,8.324124572141684553e-01,3.338574827557972968e-01,-3.654474553480814847e-01,-5.882186610734591037e-01
1.218793786885349617e-01,-5.307762998677322264e-01,2.282623448018409607e-01,7.565459202417650353e-01,-7.268989855742852280e-01,-4.990325816445221468e-02,-8.259375671887783099e-01,7.215784946417885815e-01,-1.473612044134087196e+00,7.414852394047949380e-01
2.605378606437468991e-01,3.153706467958170001e-01,-6.944432417331090207e-03,7.514760491805041465e-01,1.697235861329746243e+00,-1.203134159502444733e+00,-1.240103094644054105e+00,6.157718925487848383e-01,3.091735208938014012e-01,1.270787622227670388e+00
2.476121071908078120e-01,-5.362899639327279866e-01,1.066568161013864147e-01,-5.286589815087702204e-01,4.134474319833774114e-01,-5.685274335192628259e-01,1.134079761201237213e+00,3.408733600975007438e-01,5.864716223312423926e-01,2.766732947198132786e-01
2.133970705443451743e-01,-7.932549730679636646e-01,8.167835965028350520e-01,-1.462487120694361487e+00,6.345589104182196571e-01,8.817890065447008263e-01,1.136582788393941446e+00,-1.089573369988968476e+00,-8.339041237131927797e-01,-1.097535158795644117e+00
2.472978580291431208e-02,-5.941969786001196629e-01,1.059789874597710124e+00,-1.239175827217976478e+00,3.662704262398370769e-01,-3.545256868572224107e-01,1.139728406768756974e+00,-5.299834562902306923e-01,-1.061150691784155525e-01,-2.145617269623569523e-01
2.579356320344951548e-01,-8.611861799483790936e-01,1.257562150293109471e-01,-8.136789513783377892e-01,3.695359704957858482e-01,1.626226290885267600e-01,1.139728406768756974e+00,-2.402771945216835292e-01,-3.469422392900059493e-01,-1.153774198540058193e-01
1.861186581476086677e-01,-5.003087274376687432e-01,1.865321634534133632e-01,-5.082517572627860691e-02,3.738181413816107357e-01,-5.026269385175019533e-01,1.139728049773541141e+00,-1.065882155519903146e-02,9.644283430040004323e-02,-2.153801598711687151e-02
2.557303456652244011e-01,-8.486786288184875460e-01,5.785350978920014153e-01,-1.327651853153176242e+00,5.911891520819172463e-01,8.339023228268829246e-01,1.139728049773541141e+00,-8.624375951244335203e-01,-5.943046931927639109e-01,-6.651063742981954130e-01
2.741807134799499335e-01,-1.004845144696696835e+00,-3.738155152902896544e-02,-5.682005361340930483e-01,5.669840094990038493e-01,-3.687758230759412004e-01,1.139728763763982355e+00,-7.626917305916354195e-01,-3.180395582132515830e-01,-2.348831750822117925e-01
4.501534643302008282e-02,-5.265718116396087556e-01,4.187419162554338881e-01,-9.699476462201244154e-01,4.266287582792510080e-01,-8.874454327888112726e-01,1.135064075172387499e+00,-1.999155088173401040e-01,-1.566407041564217562e-01,-4.210089489756704828e-01
2.678593657509329984e-01,-5.965067450911870628e-01,5.520271188998479017e-01,-1.144163088086839863e+00,4.684273735373146730e-01,-3.854599727432539980e-01,1.135412810547339779e+00,-4.576026767880967405e-01,-8.931848146192324089e-02,-4.583598556397898705e-01
1.497531171264120109e-01,-7.999242460450967096e-01,-2.020320753919846168e-01,1.822474857952378208e-02,1.004493675383035134e+00,-7.693736002447445488e-01,1.138252404714555688e+00,-7.407049350806433567e-04,-1.582473439859978515e-01,4.786427851879552220e-01
1.905557469625877298e-01,-5.552963324479017748e-01,9.309948405212317146e-01,-8.867873229915109734e-01,3.534846603097924755e-01,-1.938680050251982145e-01,1.139728406768756974e+00,-4.703728857068382174e-01,1.335647833446092052e-02,-3.852340226284067803e-02
3.036662570001825712e-01,-5.783303794763486883e-01,7.024058096622913527e-02,-8.348870851353180633e-01,3.251866569533023998e-01,-4.943610000452413056e-01,1.137496321763693086e+00,-7.298267126558785067e-01,-1.241747904860376339e-01,-1.992380605675347083e-01
1.339433537351165660e-01,-5.742618094080672586e-01,1.778306740220110260e-01,1.305674491146449734e+00,4.543378735095945364e-01,-6.420961602309273042e-01,1.137832610336589445e+00,3.849103668657926081e-01,4.905724601981104049e-02,6.856349610889291013e-02
2.151032101283898712e-01,-7.900588749571393343e-01,-1.321720881161146943e-01,-4.207508624744089598e-01,9.094310729184125197e-01,-6.553048083485144559e-01,1.136577602755482141e+00,-4.837930217475176486e-01,-3.662564595033374060e-01,-1.354095493712231812e-01
2.580992335006326854e-01,-8.536038211453823576e-01,2.467596782093077479e-01,-1.029982025067894380e+00,5.686873818680260317e-01,7.539003760944933130e-02,1.136441919137330503e+00,-5.498794377823544854e-01,-4.766440173842704381e-02,-6.719388719602543969e-03
1.219395675753603102e-02,-5.612014350487833925e-01,3.582704577978959026e-01,-8.350678476165859232e-01,2.354980961866156297e-01,1.167190875856290444e-01,1.139728406768756974e+00,-4.791449842125672931e-01,-2.249865311572762372e-01,-5.745431184353034793e-01
3.079094674808450227e-01,-6.139508585284024766e-01,5.996085584484638076e-02,-1.345188224800221988e-01,4.106592086248937457e-01,-8.597392741888431056e-01,1.138002635697764386e+00,-1.015644611359960980e-01,3.389785015869130613e-01,4.540253534342501562e-01
-1.527346713516060106e-01,-4.632283554919058299e-01,-9.249169062579603029e-01,4.583606852784172236e-01,-5.755252212499897269e-01,-1.202866798948926119e+00,-1.393895433744423151e+00,1.084949008985454322e+00,1.637890210122098900e+00,1.465276529674260475e+00
-1.595062747805801928e+00,6.938031394912179683e-01,3.379637849028510610e-01,2.331452200079155990e+00,-8.757354222116195963e-01,-8.660212671563547460e-01,-3.644933465674077833e-01,1.488947800147362388e+00,1.032737309162236050e+00,6.377404682019957027e-01
-1.400471194662824270e-01,8.259040566509514569e-01,-1.542115714511506641e-01,6.626037502105207588e-01,-5.236963734923685276e-01,-6.793997185889800727e-01,-7.450788167028695730e-01,-7.948727062614144301e-02,5.300234290079558486e-01,9.054188055607923502e-01
-1.142290654415870771e-01,8.377750713261040705e-01,-1.546853543481233606e-01,6.706345100426626127e-01,-5.236963734923685276e-01,-6.702645184759729036e-01,-7.411976424748998316e-01,-6.743642215075296154e-02,5.386091462064288571e-01,8.824811667143955818e-01
-1.002713477587881818e-01,-2.688954908804294108e-01,3.525731468145541503e-01,-1.030403703228441187e-01,-1.359390128646804641e+00,1.301213370360666532e+00,7.185207535142398294e-01,1.751014012070703785e-01,-2.991249956778828656e-01,-1.513549474200423628e+00
1.670015740988730402e+00,1.257979372995653211e+00,2.956454772291851607e-01,-1.091923812773319735e+00,-1.359390128646804641e+00,1.320415913436071564e+00,8.433237718681109163e-01,1.809885379245258941e+00,6.693957775146779088e-02,-1.594327268048440827e+00
-7.051435426432889342e-01,1.216336513508865069e+00,-5.537168012217672519e-01,1.117308226854158093e+00,-1.066669873890657927e+00,-1.889829954774982779e-01,-3.495004667198892134e-01,6.157718603984787542e-01,1.093209448399367290e+00,1.001980544794441430e+00
-6.187754298111268758e-01,1.565501140798522650e+00,-2.239937343821417903e-01,1.999366849980867666e+00,-1.066669873890657927e+00,6.003227813338360974e-01,5.409699089205165512e-01,6.157719246990925877e-01,1.074095906938114631e+00,2.119863326483021060e-01
-4.008013754714193078e-01,1.215648156766110155e+00,1.989949361360021304e-02,1.274719695127238372e+00,-1.343130085448552391e+00,-6.736190686323777210e-02,-7.464320569564748542e-01,6.157718764736318517e-01,6.281478917102255588e-01,6.129979996860968061e-02
1.396629828358338488e+00,1.781810635311712021e+00,4.204354497920655409e-01,1.811972190791871107e+00,-1.343130085448552391e+00,7.279156739106847906e-01,1.051803023931692227e+00,8.837145786919949897e-01,1.396069564868889223e+00,-1.720377039563692270e-02
-2.335611680777075275e-02,-4.633067132107436814e-01,-5.083820130895623235e-01,-3.273688824203004888e-01,-6.821708973651144925e-01,-7.947333151445820643e-02,-8.776673501480020123e-02,5.633600761441114324e-01,5.587138976929045819e-01,-5.172727381116711820e-01
-7.437955881194480146e-02,-4.588648981477577715e-01,-6.899259329970448551e-01,-2.224252386395429715e-01,-6.821708973651144925e-01,3.419810089388716223e-01,1.102284625138926000e+00,2.947216380811849556e-01,7.077634684184639369e-01,-3.388850351011572504e-01
2.356700092153605208e+00,-4.153606586803348377e-01,5.294778848858583409e-01,4.273783945333892720e-01,-3.325088945144314412e-01,-1.248956392723555853e+00,-1.368495557034042465e+00,1.547160345473853393e+00,1.308700588312824431e+00,1.159894782649425471e+00
1.946445841454998771e+00,-1.064106292688677069e+00,-6.220540878059764855e-01,-5.844009780984187330e-01,-5.246636824373145380e-01,-1.305648609209161259e+00,-1.407643441134112550e+00,2.472714662500497262e-01,1.032533203318009463e+00,1.672347742718082175e+00
2.209645589198878102e-01,-3.162366232549844725e-01,2.233859771376936754e-01,-8.096381802920178672e-02,-5.716784611837805175e-01,-1.143890588406589304e+00,-1.199682041739884353e+00,-6.583450335210077053e-01,-2.180542025647490556e-01,-1.232948306441637776e+00
2.256650396077380660e-01,5.780420978686375832e-01,1.696216884562802729e+00,-1.000973313245738655e-01,1.084915070741287568e+00,1.148486506839148769e+00,1.138805475820715341e+00,-1.573637801437184791e+00,-1.350372269162527061e+00,-1.065914878097701024e+00
1.064283085946721857e-01,-5.119200658955855854e-01,-1.326306929320133721e+00,2.129082221835769673e+00,1.143296865546617136e+00,-1.370780315795448345e+00,1.171767277336066004e-01,2.158178477723840416e+00,1.592118347025786473e+00,1.875038254576971042e+00
1.552992798219243742e-01,-5.647433998043905889e-01,-8.402289746995230679e-01,4.784285960956682349e-01,4.075152555061964943e-01,-6.872656576220005364e-01,-9.467927553042581046e-01,1.222231152400384158e+00,1.488007219741250386e+00,1.458768744811076434e+00
1.646235452215834560e-01,-5.664001872739012899e-01,-8.326856964841918840e-01,4.640844935861799248e-01,4.075152555061964943e-01,-6.828691742075289062e-01,-9.430405100297566401e-01,1.213205742649992036e+00,1.475502574911303544e+00,1.510316027347462509e+00
2.639621148296802944e-01,1.016213180545014749e+00,1.817845978976238008e+00,8.827649576356136341e-02,4.950747530816249631e-01,1.262642079954323870e+00,8.955861436971451761e-01,-6.959412646728564411e-01,-1.340588710117777582e+00,-7.909663435064859804e-01
-8.933472114279265019e-01,-1.314399087206358452e+00,-1.373227654151354171e+00,-9.300122176570529975e-01,1.448870432568318156e+00,-1.014393221394179756e+00,7.560605884311832892e-01,-1.270803332006721131e+00,-1.004635082541104563e+00,-4.450956386035199719e-01
2.834781274903241388e-01,-3.176824985795915768e-01,7.041854754792296889e-02,-3.719850823787205774e-01,5.293926251744472955e-01,-2.706292473611139338e-01,1.122646300426398902e+00,-1.562800843918711602e-01,2.576735009947425104e-01,2.647791747424535925e-03
1.590972828590203614e-02,7.905859577982831121e-01,1.763944774216587241e+00,2.853964712602386489e-01,-1.294957672200938159e+00,1.170307171926322276e+00,5.288985186353017953e-01,6.512343552253152534e-01,-9.328875297640548681e-01,-8.862513422030164900e-01
1.199740759143689051e+00,-4.043961433550561924e-01,-4.374881855844741096e-01,1.194907288965089798e+00,-3.310344325387331033e-01,-1.185850418777580462e+00,-1.318812870252180636e+00,1.296674835150206095e-01,5.597161214989895273e-01,1.374133899492020749e-01
1.306420792659905850e+00,-3.881825566690655371e-01,-4.211766824389402974e-01,1.139217209134056663e+00,-3.310344325387331033e-01,-1.173479378997275502e+00,-1.320630690038623545e+00,4.483838069121391656e-02,4.891078175863032285e-01,-5.513386034687774162e-02
2.849702566812358562e+00,2.118852405912935222e+00,1.956820140479621051e+00,-1.328546659846868039e+00,-1.343588645173924845e-01,1.580063664250453748e+00,1.126794091335492132e+00,-1.197917411308527358e+00,-1.123289766488418495e+00,-5.353626747816377929e-01
-2.223609520066189393e+00,1.602452288738780428e+00,1.159739522788635568e+00,-4.509015000243922766e-01,3.839387255766198437e-01,-1.413303257278268665e+00,-1.464992858972517187e+00,-4.803576149070927781e-01,-7.277507393909138367e-01,2.450199757401653189e-01
6.019935140667201923e-01,1.241567125976758890e+00,5.582502113604577154e-01,1.289374979740528539e-02,-2.103058950198450905e+00,8.527333871109582519e-01,8.108378622960314974e-01,9.866730848975076018e-01,1.198676912210187573e-01,-8.949643563218150355e-01
2.502474716205524974e-01,1.879901808838322586e+00,1.630635850922743435e+00,-8.629773393824672345e-01,-5.502253364032797522e-01,1.098553794956960372e+00,1.129732590892278399e+00,-8.150414281674577266e-01,-1.026531091259061279e+00,2.563689382453494814e-02
3.005776337638966234e-01,-2.501846483516094732e-01,-1.074547229062585041e+00,1.093431235775136789e+00,1.442055094399320170e-01,-1.185850418777580462e+00,-1.227668683539309580e+00,1.896026177780657074e+00,1.749636696008293635e+00,1.313007536111238327e+00
2.992890915108664118e-01,-5.812277388633306507e-02,-5.682784423535962581e-01,-4.183807267105259242e-02,-5.932198418682513852e-01,2.075932400239570985e-01,1.139728763763982355e+00,-2.177541447075751480e-01,9.601843996345929000e-01,-9.681634748127764256e-01
9.769467871372368162e-01,1.364975590955299189e+00,-1.795222657560546558e-03,1.493429462345866376e+00,-1.639426288097726836e+00,1.688390472898577965e-01,1.108517484037484291e+00,1.190239684867850034e+00,1.646002706381928249e+00,-1.594327268048440827e+00
7.872799539396921897e-01,1.451053706162649393e+00,2.195259438467753454e-01,6.731902806953622420e-01,-1.639426288097726836e+00,6.566719002751749690e-01,9.924540745683470000e-01,9.654618944980966067e-01,1.436439108327272285e+00,-1.594327268048440827e+00
7.160284940076727667e-01,3.651319084163160977e-01,-3.669752386455601978e-02,1.503314850340250475e+00,-1.030439034195231640e+00,9.026367327754099001e-01,-7.467985120474769645e-02,-5.428889430644855407e-01,-8.185432368173875539e-02,-8.073493443487669285e-01
1.493756408220367204e-01,-6.545342106083064104e-01,-1.389681927415677976e+00,1.211788159939131804e+00,-9.790858371348406530e-01,-1.373639780076859163e+00,1.137422305045573401e+00,1.314475656530672110e+00,1.679583303263558980e+00,-1.594327268048440827e+00
-9.411981111042525688e-03,-4.695960710247529812e-01,3.632247948957641470e-01,-3.449586130137389239e-01,4.295051907878013608e-01,-1.084788466454345679e+00,-1.362676223849555779e+00,4.513599138836650315e-01,8.460425194115357428e-01,3.633932998868315001e-01
1.492330289502646901e-01,-4.331425170641575173e-01,3.783180026459456169e-01,1.892027354059381411e-02,4.295051907878013608e-01,-1.075691172392355455e+00,-1.359639496297577521e+00,5.489407769705314522e-01,9.177476407592877194e-01,5.169430568323720721e-01
1.560345304651045151e-01,3.738298723644377097e-01,-6.509536849467078001e-01,9.961370998905866303e-01,1.447924273775941684e+00,-5.135481507879920970e-01,-1.096431579847086946e+00,2.065279310477859676e-01,6.272429876551399719e-01,1.901225355199660516e+00
2.293485882146716337e-01,1.282910952092799706e+00,9.822175950341093253e-01,-2.273688984139278224e-01,-7.583998725311820177e-01,1.018221348702325058e+00,1.047362127802854870e+00,-1.714631627468298447e+00,-1.535323852832453539e+00,-1.420614002215444094e+00
2.224727042583403425e-01,1.426417119763536023e+00,1.170877606379293168e+00,-2.597487611370676297e-01,-7.583998725311820177e-01,1.225588654661765142e+00,1.053072766640573033e+00,-1.585611802713647878e+00,-1.503529687858470965e+00,-1.438128665381598115e+00
-5.041165144852204349e-01,1.390835385539750946e-01,-7.494470712692032910e-01,9.365475882085864123e-01,-1.485733482007347339e+00,-5.213232726132633887e-01,-1.149465380488029709e+00,-5.172121754950654848e-01,1.097955830954377987e+00,-1.594327268048440827e+00
-2.223609520066189393e+00,-1.126835813154638405e-01,-8.017238913172524128e-01,1.078784923206603352e+00,3.873373978394754613e-01,-4.217746161814826533e-01,-1.105148203010720476e+00,1.620957999735634508e-02,8.275996292301962542e-01,-1.315426779349286202e+00
-2.140316595242784725e+00,-3.412275832614043991e-01,-8.465249203108762277e-01,2.430891389117992407e+00,-1.447078960786699620e+00,-1.769816690163505610e-02,-9.031490538867839035e-01,1.495288808002263936e+00,7.550569381449826478e-01,8.878548028916841695e-01
-2.194489408067369585e+00,-4.704965721240498278e-01,-1.392827374031677667e+00,9.094363263364877437e-01,-1.410511136091164852e+00,-1.413303257278268665e+00,-1.464992858972517187e+00,1.538208445664492219e+00,4.062717544126736580e-01,1.807841762915656902e+00
-2.137721871363824189e+00,-3.420811653073117520e-01,-3.513876053969620106e-01,4.815696027384196165e-02,-1.432689572001536904e+00,-1.413303257278268665e+00,-1.464992858972517187e+00,7.318949643513705805e-01,1.039007830284051304e+00,-3.691108329557138967e-01
1.662100238806820118e-01,1.313266412413409023e+00,1.179543314167201151e+00,-4.734518707546077620e-01,7.392868013924414929e-03,1.141914468514106717e+00,1.137628600320032879e+00,-1.689903298323452541e+00,-1.465822502727282206e+00,-1.584167704475277771e+00
-1.858069638197533902e+00,-8.339317581660746770e-01,3.366889634200541659e-01,-2.352224908647459686e-02,1.492953113010828670e+00,-1.228922957998531129e-01,1.127917170852368534e+00,-9.203575651438660188e-01,-1.519292444366216133e+00,-6.117309635310074212e-01
1.125873562143296369e-01,2.178421472287626059e+00,1.940300986691022578e+00,-1.842100752911218775e+00,4.770126703215087915e-01,1.607223348474696278e+00,1.136728823925244214e+00,-1.552901659026617143e+00,-1.471390225772182703e+00,-1.426706418441320956e+00
1.226561303970161443e-01,2.178421472287626059e+00,1.980210049406892825e+00,-1.841979378966939640e+00,8.323095260584937316e-01,1.613322658976094059e+00,1.137441168364625055e+00,-1.552504233776853759e+00,-1.429388754112421722e+00,-2.205639714887312197e-01
1.166918464074066519e-01,2.178486351191448289e+00,1.899747501940526773e+00,-1.842280049021075339e+00,6.349126776280673567e-01,1.587239505155726649e+00,1.136614382144701452e+00,-1.552504233776853759e+00,-1.478559133426337935e+00,-1.159466906692899091e+00
-5.943479384381460395e-01,1.112844568908719189e+00,8.570232378551699837e-01,-5.416336979368152615e-01,5.575592197064003219e-01,-5.797620028669104447e-02,-2.593904111366333587e-01,-1.534723673948390266e+00,-1.510504720905108789e+00,-1.421508589428044145e+00
2.453934992113338542e-01,-1.988638514572734772e+00,-1.196938545483593908e+00,-1.737201447123896347e+00,6.298892209567003020e-01,4.876988875600924978e-01,1.139728406768756974e+00,-1.234240282746430495e+00,-8.634594172418573743e-01,7.019888431531744466e-01
2.455758633341754149e-01,-1.649914983995543372e+00,-1.073697548955951708e+00,-1.373599766206009987e+00,6.293787592805438758e-01,2.133613631968396887e-02,7.607123343836369456e-01,-7.095582077402334820e-01,-4.235454590347820791e-01,7.268863820714773771e-01
2.169674784092820163e-01,-1.292238457166430710e+00,5.984020128705443836e-02,-1.270509460155362813e+00,1.619859384526524337e+00,4.805357803507888659e-01,-4.527558835414852711e-01,-1.115589586914792042e+00,-1.276878555853524944e+00,2.361605203526024876e-01
2.518075466062865142e-01,-7.313508179745249471e-01,1.943111276137295951e-01,-1.437822660487269033e+00,2.076799734003494102e-01,9.474543850162382430e-01,1.139728226771167474e+00,-9.010048505540328989e-01,-1.475416832624353747e+00,-2.465204877001317962e-01
1.092975274328333857e-01,-5.312662683026945221e-01,-7.040983452111668761e-01,-1.651833830510283319e+00,5.516916346344575839e-01,1.486146337113876559e+00,1.134762535157710417e+00,-8.457240322669983268e-01,-5.983362041223024841e-01,-9.210198488196201794e-01
-3.248265059189806570e-01,-3.942157964349211063e-01,4.650312792344355600e-02,-1.675966198165381726e-01,-5.814750715471999065e-01,4.181724601386984097e-01,1.108997247243497686e+00,9.602088064306967263e-01,-3.940721197225547368e-01,8.833642654369738834e-02
2.560311581046811336e-01,9.907702153027186931e-01,1.664051848911176412e+00,-5.349017835037632729e-01,1.366272619239273345e+00,5.205169413416836921e-01,-1.166326125292101168e-01,-1.356392540450231721e+00,-1.535250979932500703e+00,-8.023821459879116880e-01
-2.223609520066189393e+00,-8.867789934470298174e-01,-8.451729988020429962e-01,1.640024392468525383e+00,2.007488937432597265e+00,-5.698860855138587755e-01,-1.170094311942962761e+00,-6.561988553688632431e-01,-7.545737523352988863e-01,-5.542399704844884756e-01
2.286831115196257258e-01,-9.432769174360314812e-01,-5.713357424680161334e-02,1.606753063310565888e-01,1.026593905686325359e+00,-6.261618828525306046e-01,-1.164638760397246564e+00,1.032994593271269190e+00,5.529230170837610286e-02,8.807756994070463641e-01
2.531399670050265005e-01,-5.158093912599477360e-01,-6.553157087466372488e-01,9.571725365390034712e-01,3.712813924875257854e-01,-1.365413170714450564e+00,-1.416953922323503035e+00,1.576418070378500902e+00,1.268455111487448495e+00,9.635000320505713312e-01
-5.283900350810187829e-01,-7.709833750546699060e-02,-9.397456097202862013e-01,-4.453918364295390564e-01,-1.055738254171699086e+00,1.020497572577636625e+00,7.210750083695378621e-01,-2.240831096674945899e-02,1.295634182963223135e-01,5.847362141598791974e-01
-5.283900350810187829e-01,4.084415581181858879e-01,3.567615680416438284e-01,-2.097734751988332147e-01,-1.055738254171699086e+00,1.256878235779873565e+00,7.905800772978626156e-01,-4.613508760709227746e-02,-2.358441118358131361e-01,-2.489607507729855174e-01
-5.283900350810187829e-01,1.041990880859849256e+00,1.409818945697990933e-01,7.971021122272435866e-01,-1.055738254171699086e+00,6.305345411543273881e-01,3.540030584786243995e-01,9.866731259307501833e-01,8.773759336556632427e-01,7.202691920751413956e-01
-5.283900350810187829e-01,9.148874181073498590e-01,-1.327353844040122799e-01,9.398356639638736354e-01,-1.079046145052275918e+00,7.485747538990268346e-01,3.022874673487022656e-01,4.741097499602650589e-01,6.485509736118777457e-01,7.032098201400820425e-01
-5.283900350810187829e-01,-7.709833750546699060e-02,-9.714334432483985315e-01,-4.453918364295390564e-01,-1.141098722665665477e+00,4.040795239285639440e-01,5.436705388268807670e-01,-2.240831096674945899e-02,2.803512322417848757e-01,7.794297315957736672e-01
-5.283900350810187829e-01,4.084415581181858879e-01,3.863761537041499050e-01,3.849977613370255541e-02,-1.141098722665665477e+00,1.014800800109722179e+00,7.703577841260130787e-01,-4.264168466085586084e-01,-2.523016627524142796e-01,-2.067378739051220493e-01
-5.283900350810187829e-01,1.041990880859849256e+00,2.112311086286460249e-01,8.252485066153357751e-01,-1.141098722665665477e+00,4.335968529579391495e-01,1.805279378811006918e-01,9.866731259307501833e-01,9.206737011682196714e-01,5.464648143051041851e-01
-5.283900350810187829e-01,9.148874181073498590e-01,-8.196626132226490780e-02,7.273850077472322484e-01,-1.149680457601301997e+00,4.255916509610179199e-01,4.771586648582105267e-02,4.741097499602650589e-01,7.883758694712005299e-01,4.928979862498147901e-01
-2.359206224368931015e-01,-2.696624873166584280e-01,-1.343835701954118722e+00,4.776801739903981381e-01,-7.042530550528773858e-01,-7.602152716689979384e-01,-4.376782054690380175e-01,1.217739153777687822e+00,1.826162514747372123e+00,1.656717285031193532e+00
-1.942115545032628621e+00,1.651406392962360137e-01,-1.131498543887065500e+00,4.028951094623139939e-01,-1.055687229084992573e+00,-3.530600371656709702e-01,-6.454020280558351308e-01,5.554998773140453761e-01,1.191673340592073860e+00,1.529717593259673158e+00
2.775525656607283231e+00,-3.373847393934017447e-01,-1.060768961645761399e+00,9.283752146011332584e-01,-6.788671876036785902e-01,-1.413303257278268665e+00,-1.464992858972517187e+00,8.886833111310996625e-01,1.229266361852253464e+00,8.573994153348597491e-01
2.546574251599166283e-01,-5.980495968430834530e-01,-6.910903910731044375e-01,2.583290735663331672e-01,8.701753882165746967e-01,-8.760023067549311815e-01,-6.835584922275096398e-01,5.773795170241038388e-01,4.892917038520468997e-01,-7.040542599561337711e-02
2.484868101138926477e-01,-8.195619446651051243e-01,-2.439882034635070529e-01,1.264520443667040750e+00,1.886486460323543835e+00,-1.039404162267516307e+00,-5.104092824816294227e-01,8.601772786414888516e-01,1.284774713983055872e+00,9.710475927567119303e-01
1.523520064140988783e-02,5.141771638856368343e-01,1.608667138730175861e+00,-1.555239721463896052e-01,9.964225029739477435e-01,1.066237537697385607e+00,6.448664209544182624e-01,5.541127159577438066e-01,-1.365720781024240438e+00,-3.619322772112013031e-01
-6.388630600957027894e-02,8.216206426679549812e-01,7.990757698359420846e-01,-8.848548208310224039e-01,-2.192633252612366523e-02,1.298948823347126469e+00,4.519127745261747875e-01,-1.768071945395650046e-01,-8.036616715483295703e-01,2.658711874422544086e-01
-6.388630600957027894e-02,5.141893993575764599e-01,6.838569386874954192e-01,-8.925234681940004133e-01,-2.192633252612366523e-02,1.292443488812649921e+00,4.015205711221885299e-01,1.169538060159702464e-01,-7.602569271789567651e-01,9.436930336908140593e-02
2.950026840771516334e-01,-1.427825339546905659e-01,1.176679870542795880e+00,-7.121061695131700731e-01,1.075086106231583072e+00,1.252019464987956132e+00,3.014608461265613215e-01,7.200979120505146547e-02,-1.129442999030084049e+00,4.936592929479020203e-02
2.005891931662487915e-01,6.285228434078136139e-01,1.349123099596826414e+00,1.163673562900203740e-01,1.130859868155298376e+00,8.527334116520547402e-01,5.586183280927098371e-02,6.151183097736512284e-01,-1.131202157921532114e+00,7.287561069742393149e-01
-5.652495299237410287e-02,-4.038639965156002876e-01,-8.845829248958975155e-01,8.190248791158976083e-01,-3.844113093025565142e-01,-1.065592173389989794e+00,-1.264557201673529585e+00,1.556445618902096983e+00,1.503293359408266916e+00,1.271624559953545619e+00
1.880909546867071680e-01,6.043895383366106877e-01,1.793854926433880337e+00,-1.410486407812602122e-02,1.325787568549500861e+00,4.899652181288757236e-01,4.637218165776064299e-02,-7.664435311047925747e-01,-1.047885530547808086e+00,-5.113768524640401880e-01
1.437539300259895458e-01,-1.656236315166596418e+00,-1.230173355464683427e+00,-1.806845753591564741e+00,-2.369902724936057581e+00,1.166797396387839969e+00,1.139728406768756974e+00,-7.469599047635969713e-01,-2.405088547881394367e-01,-1.529819050031020256e+00
-4.190398262625851800e-01,6.814176825376705438e-01,1.706833996658746688e+00,3.962148750272866393e-01,-1.310577074509106099e+00,1.211397781913162275e+00,8.852242669578676004e-01,1.095555859727688208e-01,-7.966026099357973456e-01,-9.011971200856474518e-01
1.553060905369206823e-01,-1.705839867623710981e+00,-1.240072214118728589e+00,-1.406271632144608708e+00,1.041615195442112229e+00,-9.943253287875970514e-01,-1.251400458711145802e+00,-7.543971263032990260e-01,-2.051512974746669826e-01,1.729710065478305081e+00
1.348497129007792394e-01,1.886875388370351958e+00,1.409583746634084367e+00,-5.588652205661338579e-01,-2.158377838168517304e-01,1.568029496566271996e+00,1.008244883636079781e+00,-1.169228064719661120e+00,-1.208715359288403679e+00,-1.281620134570665037e+00
2.694959904970385955e-01,1.859035398907002534e+00,1.297981853789748508e+00,-2.490713072767717362e-01,-2.158377838168517304e-01,1.496982588039638129e+00,9.605744086161256412e-01,-9.344675941842530698e-01,-1.083031948267702438e+00,-1.222278837679416030e+00
2.849702566812358562e+00,1.535395793634659611e+00,1.590919631331938255e+00,3.493032496446907970e-02,-1.433747604688684563e+00,1.281533447844122708e+00,6.702063638576708504e-01,-1.297042091080036430e+00,-9.578132658385453135e-01,-1.594327268048440827e+00
2.063735825008272684e-01,-7.916853590628850634e-01,-5.889464065074752064e-01,3.139579697854396056e-01,1.531812165172359963e+00,-8.053536166032055910e-01,-5.663935282045020614e-01,3.541438500404235912e-01,-9.074012505384633498e-02,-1.898019677641845093e-01
-2.223609520066189393e+00,-6.103677866417585030e-01,-9.375504189730432536e-01,-1.678147537237801024e-01,2.729125667402297339e-01,-5.169799101089225246e-01,-9.904130216912534479e-01,6.634652113480450364e-01,8.290300619897769119e-01,1.204664000286424619e+00
2.158271749413763138e-02,-6.103677866417585030e-01,-8.079686102676489901e-01,-1.678147537237801024e-01,3.341721717219886534e-01,1.853880639845364442e-01,1.117276609085035233e+00,6.634652113480450364e-01,1.068951060194946567e+00,-5.978078173239765869e-01
1.199740759143689051e+00,-4.043961433550561924e-01,-3.983416917134319779e-01,1.216157433674097010e+00,-2.901534155884035737e-01,-1.175921979452379862e+00,-1.318812870252180636e+00,1.296674835150206095e-01,5.363149015735916292e-01,1.068032023528410202e-01
-3.548076175046210173e-02,-6.501806830511582813e-01,-1.235486269083678978e+00,5.825552088180622201e-01,1.071799152956112167e-01,-1.311257224360947715e+00,-1.412884597600075676e+00,1.188688419338106206e+00,1.246484098436684285e+00,8.610487998502607265e-01
8.663211135870325930e-03,-1.688576846857252067e-01,-4.061358289642556518e-01,7.253220829225502930e-01,-5.715226433265921946e-01,-1.305424866381498239e+00,-1.260768019029091080e+00,1.958965664233859039e-01,8.817410859511154442e-01,7.254529932670540637e-02
2.639621148296802944e-01,1.016213180545014749e+00,1.817741266462874927e+00,-1.154801272803011036e-01,4.950747459840122988e-01,1.262642079954323870e+00,8.955861436971451761e-01,-6.959412646728564411e-01,-1.340588710117777582e+00,-7.770407705489360550e-01
1.880909546867071680e-01,6.043895383366106877e-01,1.793854926433880337e+00,-1.558335188837147930e-02,1.325787568549500861e+00,4.899652181288757236e-01,4.637218165776064299e-02,-7.671115595412595356e-01,-1.047885530547808086e+00,-5.201609452561535285e-01
1.438642546672741773e-01,6.823244164736655959e-01,5.914416590256370565e-01,1.022192189920826833e+00,-2.174229275529266092e-01,-2.478848424530261940e-01,-3.423793926338919991e-01,9.866730575420131766e-01,2.999985205089695239e-01,8.322928032019358824e-01
2.158173857348553992e-02,7.879001036051280771e-01,-7.911416591497096862e-01,1.892929145219969689e+00,-5.813164402549084731e-01,-9.316964841638567529e-01,-1.220574206874890155e+00,1.488947800147362388e+00,1.249176800812837662e+00,1.463892444426369011e+00
2.046340760042470452e-01,-5.972961642825328488e-01,6.313488596238188144e-01,5.148625860673756716e-01,-9.596143819730027502e-01,4.223257518323686455e-01,-6.193571996246719502e-01,3.005077409641698782e-01,-8.452622851786761871e-01,3.314520618543617680e-02
2.849702566812358562e+00,7.879001036051280771e-01,2.841778484657584425e-01,1.415164180468096777e+00,-5.813164402549084731e-01,-9.316964841638567529e-01,-1.220574206874890155e+00,1.488947800147362388e+00,1.249176800812837662e+00,1.463892444426369011e+00
2.132645243207011987e-01,1.181636634862752278e+00,1.919679502624392020e+00,-6.359485537187102855e-01,9.436217602239183044e-01,1.220168083553448524e+00,9.259781807180099689e-01,-9.099382997568848941e-01,-1.519874939066760300e+00,-1.257416290487793464e+00
1.995896664296838152e-01,-1.876960526764323900e+00,-1.235360862478488864e+00,-1.621568306078544630e+00,1.501552479113094529e+00,4.872581768778531108e-01,-3.390082265068963263e-01,-1.264200251232110439e+00,-1.203106999045832515e+00,5.064716523435133233e-01
1.277090077084378494e-01,-1.803974733753144877e+00,-1.215131648607062020e+00,-1.572951392639166945e+00,1.501552479113094529e+00,5.424224088868164761e-01,-3.482236867873516051e-01,-1.214989732295741920e+00,-1.159204616071464633e+00,5.578791238046745260e-01
1.996396851644552939e-01,-2.008195143304012831e+00,-1.243247230646037371e+00,-1.776325899540123432e+00,1.501552479113094529e+00,1.517514339789801658e+00,7.239407242680090393e-01,-1.539545007722931569e+00,-1.412843793283146354e+00,8.592851126087384939e-02
1.996396851644552939e-01,-1.528629291888683683e+00,-1.116177364745821077e+00,-1.325584108970740749e+00,1.501552479113094529e+00,1.409213207121670752e+00,5.795319494153640116e-01,-1.123513197722163515e+00,-9.813039356369969157e-01,1.201620522428864080e+00
1.996396851644552939e-01,-1.906071195382934569e+00,-1.247757913862172607e+00,-1.724358516277366471e+00,1.501552479113094529e+00,1.323385474069676881e+00,4.808374204218227033e-01,-1.451458271004909761e+00,-1.311188110416462438e+00,5.741377793710026323e-01
1.277090077084378494e-01,-1.944343056499491462e+00,-1.275395163387663233e+00,-1.765818524052843230e+00,1.501552479113094529e+00,1.347533883763581075e+00,5.376198581834169543e-01,-1.486466566657083099e+00,-1.339933195079668904e+00,6.399926196794254452e-01
2.578100322754596219e-01,-1.619170562153972037e+00,-1.059406227291197267e+00,-1.786399036809553920e+00,2.169077161416006927e+00,1.705544083535060373e+00,1.017413079490390393e+00,-9.836440484410647889e-01,-8.086515776141188772e-01,7.023551524419441305e-01
2.578100322754596219e-01,-1.619170562153972037e+00,-1.059406227291197267e+00,-1.786399036809553920e+00,2.169077161416006927e+00,1.705544083535060373e+00,1.017413079490390393e+00,-9.836440484410647889e-01,-8.086515776141188772e-01,7.023551524419441305e-01
1.996396851644552939e-01,-2.196224538880172439e+00,-1.387406037468293052e+00,-1.886882690174424670e+00,1.501552479113094529e+00,-5.696871996924781634e-01,-3.628135472515194304e-01,-1.467930925280515275e+00,-1.290002994069047837e+00,1.164253427632585991e+00
1.277090077084378494e-01,-2.154995914452145112e+00,-1.390259652965252890e+00,-1.863378208476550890e+00,1.501552479113094529e+00,-4.991784444892622408e-01,-5.676443827135854159e-01,-1.430648808924959381e+00,-1.270220179641525116e+00,1.267166976467952955e+00
1.138502141651137473e-01,-1.862359473695293755e+00,-1.053990750040296964e+00,-1.778309275361426023e+00,-2.369902724936057581e+00,-2.205410646813256437e-01,-7.064924607849052407e-01,-9.943390116496234610e-01,-1.120037948793016103e+00,1.736114209302857397e-02
-4.496576995983674885e-01,1.863434266442727527e-01,1.288761150421709578e+00,-2.448647582107016940e-01,6.062492410095755846e-02,1.136696497878507905e+00,5.675151747899229715e-01,6.282014827243630473e-01,-9.193393742319773132e-01,-8.435138255389574846e-01
2.063678797642913842e-01,-1.769259269079020980e+00,-1.250648699803476260e+00,-1.448728945938445145e+00,1.501552479113094529e+00,-5.380765289261996154e-01,-7.731242702558235314e-01,-8.133471044313603793e-01,-9.432705817657576208e-01,2.103984337939271143e-01
1.277090077084378494e-01,-1.608357875940239712e+00,-1.245504031261828182e+00,-1.272568553499065613e+00,1.501552479113094529e+00,-4.436480406691403200e-01,-8.478099234519083094e-01,-5.739169759335354115e-01,-7.843674329610960116e-01,2.309673529326676522e-01
-2.223609520066189393e+00,-5.655404708085886023e-01,-1.208501765550515916e+00,9.387416912352346543e-01,-1.145596153855905852e+00,-1.413303257278268665e+00,-1.464992858972517187e+00,1.557643145783026428e+00,1.439274726066657184e+00,9.394592376735575456e-01
-2.223609520066189393e+00,-7.555171867376596628e-01,-6.738411023662060906e-01,6.797992074144252328e-01,1.588044384456877900e+00,-1.413303257278268665e+00,-1.464992858972517187e+00,8.012057825551494039e-01,1.248613677851128756e+00,2.015925811637457876e+00
2.849702566812358562e+00,1.303578923467582307e+00,7.386236554104272933e-01,-2.224252386395429715e-01,-1.604186332833890338e+00,8.527333871109582519e-01,5.542344058237633764e-01,-3.412822709579239611e-01,1.503293359408266916e+00,-1.594327268048440827e+00
-2.223609520066189393e+00,1.160566587144445050e+00,-9.837636806271892187e-01,-1.468489871656935009e-01,1.245021658300438760e+00,-1.413303257278268665e+00,-1.464992858972517187e+00,-6.142329833656716698e-01,-8.706448987183235122e-02,1.939651193825238318e+00
-1.030322020157316276e-02,1.387750348283544266e+00,1.407486018534452432e+00,-2.780372710880977816e-01,-3.193875764559582775e-01,1.127010871740188103e+00,1.135778383055248142e+00,-9.538677717048936744e-01,-7.381032499979036654e-01,-8.293976844666093307e-01
6.572208785132514774e-02,8.959136017893015724e-01,7.313578478521391979e-01,-7.894532270653532857e-02,-8.395597281453218708e-01,9.724250687781581526e-01,2.125724906271233283e-01,9.866731122530015829e-01,-7.559349917561079824e-02,-4.910449107564098803e-01
-1.670307852084345623e-01,-3.419053793276859432e-01,-9.699833012412631406e-02,-8.923583349538813381e-03,-3.656883095244435888e-01,4.150044765244275680e-01,-4.009030297721862257e-01,1.431061321571089451e+00,7.098014745395763159e-01,4.019261429160217447e-01
-1.670307852084345623e-01,4.608097282423787022e-01,1.017815598369532948e+00,-8.552216349278526364e-01,-3.656883095244435888e-01,7.777777946334398784e-01,9.218618447833457075e-02,8.540548852018546855e-01,3.798729577532920509e-01,-8.807291326793299097e-03
2.198061233279080262e-01,1.949638447170259567e-02,1.794159077471051855e+00,-9.837134902654461888e-01,1.491260949554938264e+00,1.445244335476965958e+00,8.402922994496051512e-01,2.836748242777605289e-01,-1.444251133997064507e+00,-1.171847255641862873e+00
2.201276889859145047e-01,1.949638447170259567e-02,9.583699549192284950e-01,-3.730337596982088999e-01,9.810684206937190233e-01,6.299816497293073692e-01,1.023427807887226093e+00,3.540212407904900771e-01,-5.148300231432890728e-01,4.446174759080194216e-01
2.201848276468509891e-01,1.949638447170259567e-02,1.500003077664125994e+00,6.297176266758036656e-01,1.657578497128851858e+00,1.445244335476965958e+00,1.130109773751657665e+00,2.719085616839288511e-01,-1.259373096286455107e+00,-4.508439703224123574e-01
2.980126077106633464e-01,-9.031139670133987718e-02,4.943872955332121455e-01,7.136292305440272710e-01,1.541679134866882628e-01,-3.785186036744523363e-01,-7.898277926574645003e-01,-7.906131962018020376e-02,1.524081646316908234e-01,-7.097243655551979113e-01
2.981184889204321342e-01,-9.027886558585607180e-02,-1.994972701771431378e-01,5.045739875655526063e-01,2.157284772465749845e-01,-1.911392116756322757e-01,-6.902270090949743642e-01,-1.230971946994854627e-01,3.548380190962790448e-01,-1.014619403729948077e+00
1.514317259783412306e-01,2.909924822619895379e-01,1.962560813814259619e+00,4.943132803808957254e-01,-1.068249477608360420e+00,1.612169646929422440e+00,1.122295452441430363e+00,-1.693319480741109606e+00,-1.531846627021598684e+00,-1.591949242166200040e+00
-6.953002784679981050e-05,-4.296214611822191110e-01,3.470643147537658679e-01,-7.476424689997028805e-01,4.859729249004567930e-01,6.136126277066836776e-01,5.422643915954958316e-02,1.355754882842928888e+00,6.693957775146779088e-02,-6.853717846962463778e-01
1.632005909361081974e-01,-1.841058062663524009e+00,-1.172688316790186480e+00,-1.517336761686970847e+00,6.960631522087391554e-01,-4.729012050562527159e-01,-6.560043883156849720e-01,-9.101216236569764639e-01,-7.403609442244080130e-01,8.651972642381976497e-01
-2.048478803699728401e-01,7.148975676286174474e-01,1.322950657843409816e+00,8.382238102676961011e-01,-9.681629073100149752e-01,1.298494989835643487e+00,1.094865135837626235e+00,-7.097253635509782610e-01,-8.294940916868577263e-01,-1.385595433247659436e+00
2.176401755987528996e-01,9.947423973760451121e-02,-6.958212220632215006e-01,1.143399767368727504e+00,1.720647253964022960e+00,-4.752613928970231272e-01,-9.392069749255377298e-01,1.031173596228155270e-01,-8.769666353060993902e-02,1.725304370495645445e+00
-3.127054314948652380e-01,-4.889068365833639795e-01,1.353712517248133240e+00,-1.175809795476490338e+00,1.244649330077636007e+00,-6.305951347259565187e-01,-9.111913329755582103e-01,-1.214254395983140000e+00,-9.914828022983367406e-01,-1.157298489717537571e+00
-3.453495187460724480e-01,-4.252486197721538352e-01,-1.173896717531831557e+00,8.966125551272433047e-02,-6.050520499461238266e-01,-3.396551796014921631e-01,1.109461924332748373e+00,8.985690670500553479e-01,1.215112381328342206e+00,7.086456280391515428e-01
-3.189599905803822688e-01,-4.203815033415276847e-01,-1.181962581801611067e+00,7.469570504257200261e-02,-6.050520499461238266e-01,-3.216372479046686328e-01,1.124273532933072417e+00,8.967149088682864200e-01,1.208740727252609615e+00,7.268456807038249368e-01
-3.195411407625106115e-01,1.562872973376367991e+00,1.475819121029739778e+00,2.315853635896175378e-01,-4.503518126950046829e-01,1.392403673476971138e+00,8.752541890017350168e-01,-1.128042255793027193e+00,-1.112356919860265858e+00,-1.378726977144481891e+00
