,0,1,2,3,4,5
0,-0.0247682508453867,-0.580125530724905,-0.143191246529873,-0.58213449881546,-0.093780457626747,1.11739932580482
1,-0.177612770894543,-0.544827254263472,-0.257822220790953,-0.582289646500597,-0.093780457626747,1.24959170822787
2,0.376252211445937,-0.552402793430206,-0.299498591820283,-0.581180340551862,-0.093780457626747,1.498638812736
3,0.136489588023431,-0.544827254263472,-0.269014854051244,-0.582623214023644,-0.093780457626747,1.05163115697414
4,-0.230887131599254,-0.486537335026206,-0.471137991394698,-0.583379558988691,-0.093780457626747,1.29582265701543
5,-0.398142521155812,-0.602744404586198,-0.638245070448404,-0.581661298375789,0.38634342372728,1.5585027496217
6,0.00169966073541282,-0.63531550148702,-0.120305521107132,-0.582650364868543,-0.573904338980774,0.800976254307899
7,-0.208838819763937,-0.632814251977274,-0.348233649312152,-0.581958018323615,-0.093780457626747,1.34434769753296
8,-0.0117225226996058,-0.511926616792346,-0.275720133596375,-0.58283266339858,-0.093780457626747,1.06784725283965
9,0.118515047555083,-0.544827254263472,-0.169782323285481,-0.582146134891845,-0.093780457626747,1.10052142171699
10,-0.581343941171238,-0.995375770995437,-0.178872274641845,-0.579913947571924,-0.573904338980774,-0.0684080425068045
11,-0.410598316549012,-1.10495002068001,-0.0650277183870872,-0.580431752971072,-0.573904338980774,-0.223005159914158
12,-0.497061810902182,-0.966549064143902,-0.034102809870026,-0.579316628984144,-0.573904338980774,0.052228687036867
13,-0.654297284862153,-0.961734859509763,-0.169024205423529,-0.581083373248651,-0.573904338980774,0.0878275100666912
14,-0.696960165465832,-0.869734885327178,-0.379762347041435,-0.58013697236931,-0.573904338980774,0.163802644841914
15,-0.811967879575052,-0.96414231026646,-0.402383358654995,-0.579754921194658,-0.573904338980774,0.138374170061228
16,-0.625275216448011,-0.68519291484635,-0.125653236768328,-0.581106645401421,-0.573904338980774,0.159895419411704
17,-0.618192345409867,-1.01453786858913,-0.631270829446656,-0.580181577328787,-0.573904338980774,0.058722917242432
18,-0.52233434739622,-0.847797740562869,-0.405295552433414,-0.580751745071669,-0.573904338980774,0.176088864961184
19,-0.557037833336898,-0.828250518646947,-0.401655072899409,-0.580028368989714,-0.573904338980774,0.260952923044291
20,-0.892051037782383,-0.842915130598684,-0.88572262074158,-0.579444625824382,-0.573904338980774,0.725335148061254
21,-0.975842701849921,-0.717462605086054,-0.833064959158196,-0.579336022444786,-0.573904338980774,0.916894746460262
22,-1.1096980894863,-0.660289337163434,-0.91150371796481,-0.579252630564024,-0.093780457626747,1.03009275794785
23,-0.610232281144203,-0.620297457312163,-0.823000880550254,-0.579950795147145,-0.093780457626747,1.016883385178
24,-0.913754685569499,-0.542300665266653,-1.00676198529611,-0.579500866860245,-0.093780457626747,1.26793603286377
25,-1.1431849021201,-0.707546101840594,-0.891684676642268,-0.57940196021097,-0.573904338980774,0.906352089511964
26,-1.05834663341916,-0.592698609979925,-0.844445518136622,-0.579184753451777,-0.093780457626747,1.13043799488546
27,-0.777196911610205,-0.7570164024072,-0.903586156440279,-0.57931468963808,-0.573904338980774,0.922039892207058
28,-0.920230711380369,-0.657795115956835,-0.979561699095251,-0.579572622664621,-0.093780457626747,0.994244270184358
29,-0.564842588002978,-0.600234011486357,-0.775078910855375,-0.579095543532822,-0.093780457626747,1.05513986553444
30,0.178700648740269,-0.283477467616866,-0.102701384802063,-0.583270955609094,-0.573904338980774,0.17549198729849
31,0.4048062656837,-0.358531468041053,0.227716085280023,-0.583459072177324,-0.573904338980774,-0.179653873117013
32,-0.0212352553928215,-0.458527614342921,0.0745578824582288,-0.584607165047344,-0.573904338980774,-0.30803409296266
33,0.00487765640091635,-0.36883699464477,0.0383922572394369,-0.584128146569481,-0.573904338980774,0.160896513655943
34,0.157449595263801,-0.427874097611129,0.0753463571802577,-0.584911642379427,-0.573904338980774,-0.199763378975731
35,0.191975092217631,-0.168463028594127,-0.146997152292218,-0.583998210383178,-0.573904338980774,0.0541088273578421
36,0.00788366090716991,-0.46872285098256,-0.128706966037808,-0.584832129190794,-0.573904338980774,-0.143092624810663
37,-0.161553001127561,-0.632814251977274,0.787640459697054,-0.580819622183916,-0.573904338980774,0.25080307875208
38,-0.0855585862813487,-0.476361865083973,0.234175071929271,-0.585196726250867,-0.573904338980774,-0.186272840026097
39,-0.234879033971681,-0.371411606754682,0.238215087907104,-0.585846407182382,-0.573904338980774,0.0255277195670306
40,-1.1056989450529,0.228530094315794,1.28595376601595,0.24363129794637,-0.573904338980774,1.18585848681706
41,-0.737335164708992,-0.299054783512265,1.03030114762742,0.826548301854087,-0.573904338980774,1.09415201338706
42,-1.08562269625513,0.83617670938487,1.23880826085078,0.872177236053122,-0.573904338980774,1.28257560008036
43,-1.3836418071819,0.0227140979055496,1.61842933091328,0.953030512816636,-0.573904338980774,1.40962617592334
44,-0.930184995068327,-0.136856650509856,1.06363776502012,0.817117261943771,-0.573904338980774,1.42328045786266
45,-0.907811376164944,0.29713786099563,1.01862046054401,1.1307696402566,-0.573904338980774,1.52583221945597
46,-0.724308123839477,-0.0600512985963612,1.03389857074573,1.01053018427478,-0.573904338980774,1.48816948063698
47,-0.775144307795968,0.179410282869294,1.25911378491502,1.23429581185694,-0.573904338980774,1.08028644845853
48,-0.921002299120161,0.732558659766241,1.20660324629501,1.32556725567746,-0.573904338980774,1.29323502888629
49,-1.26572328278178,0.253177182159447,1.43083033378884,1.17724412933963,-0.573904338980774,1.50682626315922
50,-0.903452115868861,0.344047698303241,0.82523242016274,0.213718824251797,-0.573904338980774,0.279756405986958
51,-0.739112566088505,-0.0839515627596563,0.947107279227224,0.169629730827755,-0.573904338980774,0.0809125343339282
52,-0.677528633395201,-0.299054783512265,0.82786190876574,-0.0623529060285175,-0.573904338980774,-0.055097472406366
53,-0.89205645289237,-0.0759912231253285,1.16537572662339,0.0943540133449451,-0.573904338980774,-0.116060460441402
54,-0.894852095123769,0.570418577391639,1.49040137674098,0.228758452979845,-0.573904338980774,0.136846151533569
55,-0.68884286301147,-0.345633630561966,0.860365173118705,0.158294253082372,-0.573904338980774,0.0437119604814955
56,-0.916190274172666,0.380060216652267,1.05822261611172,0.143562980378535,-0.573904338980774,-0.0565938935428652
57,-0.833267880192819,0.338518105620107,0.877990686752193,0.215563142358873,-0.573904338980774,0.0274365118815597
58,-0.663988215271108,0.380060216652267,1.05010657918987,0.257902945632986,-0.573904338980774,-0.0138348606127724
59,-0.916621916710324,0.438491384129287,0.902732682725649,0.169550217639122,-0.573904338980774,-0.0587363806672069
60,-0.975920861588204,0.168526321622014,0.649359909430708,0.499029599182069,-0.573904338980774,0.914779992382083
61,-1.06868843589688,0.122397387892079,0.991728853425181,0.480943257787126,-0.573904338980774,0.69722334399971
62,-0.966440465254853,0.176688217319635,0.702645281344264,0.432793173704602,-0.573904338980774,0.724165885727691
63,-1.0596919562537,0.144079332921796,0.67251847502184,0.504558674811168,-0.573904338980774,0.769293987645651
64,-1.08979188942448,0.288881223237525,0.873580610761546,0.535528092110743,-0.573904338980774,0.724268457748857
65,-1.0321814482717,0.29713786099563,0.623711990851615,0.203306475232984,-0.573904338980774,0.682789030252088
66,-1.0285500262306,0.228530094315794,0.669083064935692,0.439169743563766,-0.573904338980774,0.787298770670844
67,-1.04803049255251,0.206670374899012,0.649359909430708,0.305250140444922,-0.573904338980774,0.740358170309907
68,-1.06007727159621,0.154937496023294,0.759783129489254,0.160210326993824,-0.573904338980774,0.644890199604163
69,-0.887776483783567,0.160370876438973,0.644223268875942,0.466052958706024,-0.573904338980774,0.806491525608769
70,-1.08218964931762,0.723966284113802,1.70834334772544,0.00512082223792363,-0.573904338980774,0.305385627461234
71,-0.863020413592638,0.0388124612092188,1.37914813708974,0.0487929562581578,-0.573904338980774,0.347502775041753
72,-0.561203204821819,-0.22091277970166,1.14711695085318,-0.051286997386062,-0.573904338980774,-0.0488290969833478
73,-0.752549334065967,-0.386844418716515,1.09711001404933,0.115072047349038,-0.573904338980774,0.0229221909725563
74,0.286224182264055,-0.524594807803316,0.707821949791482,0.185121227188767,-0.573904338980774,-0.116872028346442
75,-0.854687148881929,0.486025654802553,0.977423061900806,0.128938371708231,-0.573904338980774,0.428445957756507
76,-0.65621464169359,-0.402251762184266,1.41200185300724,0.434984634757174,-0.573904338980774,0.459231215120767
77,-0.039799651093324,0.103463275921623,0.852446557278068,0.439844635994116,-0.573904338980774,0.108036987353532
78,-0.805952630523216,0.469225048739701,1.51415071167592,0.181376349938752,-0.573904338980774,-0.0295453557285388
79,-0.701818995856898,1.20925503761717,1.47712906653222,0.0067149647027148,-0.573904338980774,-0.286130013258162
80,1.76780464735376,0.19303136495046,0.0509484741720796,-0.510545478200738,-0.573904338980774,1.6153276895836
81,1.76780464735376,0.00931844067644683,-0.0271235184624582,-0.538006618470133,-0.573904338980774,1.45609978237348
82,1.76780464735376,-0.36368564706522,-0.454570618621845,-0.504709985893491,-0.573904338980774,1.82168930630279
83,1.76780464735376,0.182133065316589,-0.395096228984613,-0.514292294796816,-0.573904338980774,1.85571918573965
84,1.76780464735376,-0.0547322868296983,-0.0788937979511321,-0.529095323305029,-0.573904338980774,1.43317987474378
85,1.76780464735376,0.0200335378987151,-0.292820764294829,-0.509085150614378,-0.573904338980774,1.75844071377492
86,1.76780464735376,-0.218297043060752,-0.528373698889429,-0.506503881002897,-0.573904338980774,1.81880631224017
87,1.76780464735376,0.133232631139918,-0.380493481746488,-0.52555019869963,-0.573904338980774,1.87323899066317
88,1.76780464735376,0.111573600391072,-0.218854843363885,-0.508846611048478,-0.573904338980774,1.66901579963542
89,1.76780464735376,0.154937496023294,-0.316529096008888,-0.518128321311849,-0.573904338980774,1.37562647654525
90,1.76780464735376,-0.105147783452389,-1.05364975859896,-0.528771452512304,-0.573904338980774,1.11365921083776
91,1.76780464735376,0.223060859257854,-1.12400073040815,-0.552350021961125,-0.573904338980774,1.13732356738572
92,1.76780464735376,0.341282542236949,-0.969807652631395,-0.550364131591361,-0.573904338980774,0.737981372786431
93,1.76780464735376,-0.0200891678277851,-1.11266972460145,-0.547063364590054,-0.573904338980774,1.00287424867466
94,1.76780464735376,0.319187190267604,-1.07277575453248,-0.541671982531514,-0.573904338980774,0.972938641496915
95,1.76780464735376,-0.0733363511524567,-1.03893012773733,-0.529093383958965,-0.573904338980774,0.856424458995646
96,1.76780464735376,0.201212619228329,-1.06640966685793,-0.539445613249786,-0.573904338980774,0.963706952436765
97,1.76780464735376,-0.0919054888924151,-1.03187299967081,-0.54765874383177,-0.573904338980774,0.825834224567827
98,1.76780464735376,0.0576264014255819,-1.02866151128274,-0.539408765674566,-0.573904338980774,0.719497708034833
99,1.76780464735376,-0.165833076399673,-1.11456030051756,-0.540182564754191,-0.573904338980774,1.04010303713318
100,1.76780464735376,0.00128961647818996,-1.23995314861296,-0.541173570593009,-0.573904338980774,1.91289388671119
101,1.76780464735376,0.0388124612092188,-1.22770524517445,-0.535436984935038,-0.573904338980774,1.76882702419629
102,1.76780464735376,-0.0254267263606716,-1.27405224640974,-0.540401710859448,-0.573904338980774,1.80688458736812
103,1.76780464735376,0.00931844067644683,-1.24972506556351,-0.543908048543563,-0.573904338980774,1.79855965109934
104,1.76780464735376,-0.0919054888924151,-1.25277397801636,-0.535989698563341,-0.573904338980774,1.99891238001907
105,1.76780464735376,0.149506981633549,-1.24545273919914,-0.537422875304802,-0.573904338980774,1.91557254260991
106,1.76780464735376,-0.0360932808322213,-1.27950567356228,-0.540200018868769,-0.573904338980774,1.98171250869068
107,1.76780464735376,-0.278279355499839,-1.23260880874141,-0.544645000047968,-0.573904338980774,1.72846445270989
108,1.76780464735376,0.0307600643098305,-1.2558205998273,-0.546243021204887,-0.573904338980774,1.88907373186836
109,1.76780464735376,0.0468712897853812,-1.23322134143674,-0.537942620050014,-0.573904338980774,1.90402376937704
110,1.76780464735376,0.163088641515241,1.32776785708937,-0.51460646885922,-0.573904338980774,0.0696773670604103
111,1.76780464735376,0.305400967589425,1.06905648057548,-0.507467735996816,-0.573904338980774,-0.153449242031367
112,1.76780464735376,0.0334434820518034,1.28224672107911,-0.520036637839044,-0.573904338980774,-0.180051793762784
113,1.76780464735376,0.382835449530203,1.16172079394233,-0.501498428811138,-0.573904338980774,0.220786374410808
114,1.76780464735376,0.3689664852291,1.18001134910591,-0.501814542219606,-0.573904338980774,0.345111402790548
115,1.76780464735376,0.231265788340703,1.33056263874695,-0.51669126587826,-0.573904338980774,-0.0545668911800425
116,1.76780464735376,0.678250491090685,1.19742418513836,-0.524708522507757,-0.573904338980774,-0.318804224565367
117,1.76780464735376,0.385611402502975,1.31101800667163,-0.515967889796305,-0.573904338980774,0.128756279177702
118,1.76780464735376,0.497240491894611,1.36417002232983,-0.531957798095822,-0.573904338980774,-0.0418662747721449
119,1.76780464735376,0.729693809226272,1.04199856459418,-0.52083370907144,-0.573904338980774,-0.48806516149099
120,1.76780464735376,0.19303136495046,-0.054221483041077,-0.520535049777549,-0.573904338980774,1.55173486388197
121,1.76780464735376,0.0764753735485935,-0.3386671068622,-0.521551267115202,-0.573904338980774,1.8198901561442
122,1.76780464735376,-0.118372271545067,-0.266032250311754,-0.506602787652172,-0.573904338980774,1.7582967663756
123,1.76780464735376,0.382835449530203,-0.400926692214513,-0.515733228922534,-0.573904338980774,1.6037531501281
124,1.76780464735376,0.160370876438973,0.1053798807608,-0.51861121848184,-0.573904338980774,1.41909285016115
125,1.76780464735376,-0.142131495418676,0.330985402712413,-0.500458939320715,-0.573904338980774,1.2702953459052
126,1.76780464735376,0.154937496023294,-0.238370800492455,-0.524708522507757,-0.573904338980774,1.74702802579892
127,1.76780464735376,0.0980599714101355,-0.0750452288931466,-0.494272425375844,-0.573904338980774,1.39809443087938
128,1.76780464735376,-0.0360932808322213,-0.273485898629323,-0.511032254062857,-0.573904338980774,1.72827438879275
129,1.76780464735376,-0.0520717113252194,-0.143191246529873,-0.517593061798123,-0.573904338980774,1.3235130734431
130,1.76780464735376,-0.192100599724654,-0.925327206217246,-0.537457783533958,-0.573904338980774,0.825995327343999
131,1.76780464735376,-0.0680244688003998,-0.95023688935918,-0.541117329557146,-0.573904338980774,0.72506963543054
132,1.76780464735376,0.34958016895641,-0.921381824672362,-0.537405421190224,-0.573904338980774,0.734027942270302
133,1.76780464735376,0.133232631139918,-0.95742254130724,-0.538037648007161,-0.573904338980774,0.932196829509224
134,1.76780464735376,0.165807123228438,-0.963293351563208,-0.539697728238135,-0.573904338980774,0.889691402234174
135,1.76780464735376,0.214862388500708,-0.976312670519968,-0.535402076705882,-0.573904338980774,0.84688175025676
136,1.76780464735376,0.106166001674205,-0.986052797155774,-0.549045376267689,-0.573904338980774,0.754134653717883
137,1.76780464735376,-0.239203049934583,-0.985404104839725,-0.55423506633555,-0.573904338980774,0.67765306593651
138,1.76780464735376,0.0522474159065677,-1.0125693410201,-0.538737751936345,-0.573904338980774,0.832248058439999
139,1.76780464735376,0.154937496023294,-0.98151000271216,-0.53836345814595,-0.573904338980774,0.747258172957301
140,1.76780464735376,-0.260063616728454,-1.14907382540874,-0.53735305884649,-0.573904338980774,1.79914789090876
141,1.76780464735376,-0.0200891678277851,-1.13279308348284,-0.538219946537198,-0.573904338980774,1.80444244107244
142,1.76780464735376,-0.165833076399673,-1.11645004635761,-0.539273011450071,-0.573904338980774,1.5498273280449
143,1.76780464735376,0.119690367149466,-1.1334204174699,-0.542785167172378,-0.573904338980774,1.60982623761066
144,1.76780464735376,0.0253953722804789,-1.13968868953598,-0.53646677769514,-0.573904338980774,1.59013521409355
145,1.76780464735376,0.0926595292661317,-1.14344523069741,-0.535710432730093,-0.573904338980774,1.69652665965944
146,1.76780464735376,0.449657165824873,-1.14594774929857,-0.535925700143222,-0.573904338980774,1.69129219060703
147,1.76780464735376,0.0468712897853812,-1.13968868953598,-0.539693849546007,-0.573904338980774,1.73253177719963
148,1.76780464735376,-0.0733363511524567,-1.17275679666188,-0.539170226108667,-0.573904338980774,1.63298577323213
149,1.76780464735376,0.0980599714101355,-1.14219341876647,-0.5387998110104,-0.573904338980774,1.82079884777501
150,1.76780464735376,0.604357868168095,1.12434931958201,-0.493882616816935,-0.573904338980774,-0.0581707639123737
151,1.76780464735376,0.0253953722804789,1.32590516777448,-0.51169938910895,-0.573904338980774,0.253079649190761
152,1.76780464735376,0.772742751317553,1.25541828891959,-0.528121771580789,-0.573904338980774,-0.187473700335549
153,1.76780464735376,0.652616883316109,1.36978382169874,-0.480223802486613,-0.573904338980774,0.189473683975364
154,1.76780464735376,0.231265788340703,1.40824095168679,-0.534622459588064,-0.573904338980774,-0.126868275948822
155,1.76780464735376,0.127813577373403,1.24065222751758,-0.529686823854617,-0.573904338980774,-0.925456558831944
156,1.76780464735376,-0.739733702294675,1.18733869732493,-0.497511133303096,-0.573904338980774,0.199529841589327
157,1.76780464735376,0.377285703826173,1.03749757789712,-0.539713243006649,-0.573904338980774,0.0357311475100862
158,1.76780464735376,0.413410546898898,1.03389857074573,-0.531752227413014,-0.573904338980774,-0.187498647027387
159,1.76780464735376,0.399501970293415,0.685415243073213,-0.447883267519633,-0.573904338980774,-0.275641208724539
160,-1.02466192519403,-0.0467484208540786,0.834878212324827,0.181254171136706,1.82671506778936,1.13174176241126
161,1.73243003013441,-2.67091566751203,0.480037518850881,-0.395976670110709,1.82671506778936,-0.0215309281567463
162,1.76780464735376,-3.12742896824771,0.522843222813196,-0.349987017543728,1.82671506778936,0.0168844251989536
163,1.76780464735376,-3.12742896824771,0.103795695038979,-0.301611969317754,1.82671506778936,0.14669697168718
164,1.76780464735376,-3.12742896824771,-0.0988676867286026,-0.265908608275411,1.82671506778936,0.240944963418286
165,-0.385073836756432,2.14400241036341,-0.642425098031719,-0.565907990296107,0.866467305081307,0.866177757562894
166,-0.434972700418491,-0.199966994107923,-1.21542064661209,-0.592480910068088,1.82671506778936,0.888117967759228
167,-0.409026957362279,1.90241825454749,-0.683348378481515,-0.581067858480137,1.82671506778936,0.843534041243165
168,-0.411230733705723,1.56033675184552,-0.669512741293228,-0.586121794323502,1.82671506778936,0.851032404193493
169,-0.437968295255821,1.21223941084636,-0.661887117319709,-0.588772880393294,1.82671506778936,0.856074653359985
170,-0.362684861899507,0.905778652891441,-0.666047958588994,-0.590062545526003,1.82671506778936,0.856725809668865
171,-0.351302628781328,0.601525615855927,-0.696457430054715,-0.591034157904178,1.82671506778936,0.862158135818592
172,-0.309962411410119,0.195757732537188,-0.798761323971501,-0.591629537145895,1.82671506778936,0.866854967229375
173,-0.404492702549947,0.0280773610673082,-0.964596954557622,-0.591893288210629,1.82671506778936,0.862462896638361
174,-0.357597010989491,-0.160571038238308,-1.08357689750075,-0.592188068812391,1.82671506778936,0.887840937083042
175,-0.829276557795213,1.71161393106258,0.62712661749784,-0.230065614316445,-0.573904338980774,0.684993213405278
176,-0.406785348312701,-0.244422450751912,0.270622464473122,-0.271181690224033,1.82671506778936,0.679793355033376
177,-0.763311430989688,1.24212342268901,0.646791148010399,-0.25298480610343,-0.573904338980774,0.684318929812725
178,-0.693836563272047,0.610024543250085,0.511067344740728,-0.267204091446312,-0.093780457626747,0.681894223534536
179,-0.652756570787341,0.231265788340703,0.404289039131917,-0.272704076884448,-0.093780457626747,0.656051925433709
180,-0.504497854030841,-0.0254267263606716,0.381144132685498,-0.287695221960891,0.38634342372728,0.654829574228052
181,-0.5198900254119,-0.155306154752097,0.328527913323913,-0.293742102989138,0.866467305081307,0.654755144013022
182,-0.366116820964292,-0.207826992488423,0.314618657494018,-0.251652475357309,1.34659118643533,0.673424072051175
183,-0.347236178283905,-0.286075459785526,0.300737473013085,-0.262342150863305,1.82671506778936,0.676105085028576
184,-0.330252058275992,-0.283477467616866,0.300737473013085,-0.266744466429091,1.82671506778936,0.683151369279027
185,-0.333994229203056,2.11516965483993,-0.766253390537816,-0.573593618748622,1.82671506778936,0.89078000331556
186,-0.364633483589176,-0.0440857057994969,-1.09498430806837,-0.594637462891504,1.82671506778936,0.905800044773106
187,-0.413374267886824,1.90872079206097,-0.792006613045028,-0.58598797944507,1.82671506778936,0.877610934875081
188,-0.318355722222834,1.84582882946796,-0.778469129708202,-0.589876368303837,1.82671506778936,0.884732617049205
189,-0.369492979544449,1.49604561085147,-0.792006613045028,-0.591811835675932,1.82671506778936,0.877781274512612
190,-0.378555220973963,1.31414404858383,-0.794034008267658,-0.592828053013584,1.82671506778936,0.875885138521619
191,-0.346219674425374,0.987510874502115,-0.787272750532513,-0.593502945443934,1.82671506778936,0.880203602890258
192,-0.400521712546311,0.607190843951984,-0.820313576995908,-0.593906329425292,1.82671506778936,0.872461719966138
193,-0.36251493035225,0.380060216652267,-0.853797490395389,-0.594303895368458,1.82671506778936,0.885140445732689
194,-0.390455315839473,0.106166001674205,-0.927955600337953,-0.594435770900825,1.82671506778936,0.889676649053005
195,-0.628284215181774,1.92133476511197,-0.0835089137439081,-0.463541547642169,-0.573904338980774,0.778683403286148
196,-0.3599283761112,-0.30683386965942,-0.638941976950462,-0.558905011658198,1.82671506778936,0.758223708489693
197,-0.596849556427514,1.47468738622949,-0.0927287823234893,-0.519146477995566,0.38634342372728,0.768939471679786
198,-0.571059024008958,0.990440448546158,-0.105000452840204,-0.539990569493833,1.34659118643533,0.771327685066666
199,-0.506303700962893,0.491631629815519,-0.200782795750181,-0.548046613044615,1.82671506778936,0.758286228948728
200,-0.506340853926457,0.125105124618868,-0.303205161450092,-0.552431474495823,1.82671506778936,0.750325201335045
201,-0.437896174095144,-0.11308461273124,-0.432161370898137,-0.55693075736482,1.82671506778936,0.744186417858314
202,-0.434261549568539,-0.247031086269733,-0.509124320968196,-0.556824093331287,1.82671506778936,0.743830751651194
203,-0.399887898484881,-0.278279355499839,-0.553224078494079,-0.557634739986132,1.82671506778936,0.745951592727276
204,-0.465226972366417,-0.270476867207106,-0.581482910308309,-0.559640023816539,1.82671506778936,0.746412220224981
205,-0.445626216765953,2.15041787708836,-0.871781806056231,-0.577794242323729,1.82671506778936,0.894781381888036
206,-0.340825055856145,0.272387349564683,-0.903586156440279,-0.595667255651607,1.82671506778936,0.913462112020188
207,-0.397504959154141,2.01314110221169,-0.857799880577219,-0.588121260115716,1.82671506778936,0.901737093148092
208,-0.284832403878002,1.90556915258667,-0.835075253550035,-0.591676081451436,1.82671506778936,0.914191923448784
209,-0.461575679736866,1.70540465465553,-0.890360427403408,-0.593128651653539,1.82671506778936,0.885153131857552
210,-0.404696989848679,1.46859165920894,-0.883070395887393,-0.594146808337256,1.82671506778936,0.892837837776007
211,-0.35877108100143,1.27808094960302,-0.862465091755808,-0.594699521965559,1.82671506778936,0.898829174166341
212,-0.345017787260125,0.984582029532749,-0.845782633946151,-0.595081573140211,1.82671506778936,0.90884562583044
213,-0.411720757541863,0.8188416668404,-0.881080248891924,-0.595391868510487,1.82671506778936,0.892316522599138
214,-0.350665524784667,0.483223749838986,-0.867791166237178,-0.595570288348395,1.82671506778936,0.908431533742951
215,-0.473719028088295,2.07043848685733,-0.467540650803668,-0.545612733734015,-0.093780457626747,0.815170776161747
216,-0.308245215782093,-0.260063616728454,-1.06768362378058,-0.586583358686787,1.82671506778936,0.856984896453877
217,-0.346448886862621,1.66202245354598,-0.437953123582281,-0.569222332719864,1.82671506778936,0.832557259079579
218,-0.418096399807198,1.299104922837,-0.461779981095265,-0.576688815067122,1.82671506778936,0.821793687721
219,-0.381150685082985,0.868025592049268,-0.467540650803668,-0.580423995586815,1.82671506778936,0.822171960983989
220,-0.50644767200298,0.466427472964075,-0.539748228908609,-0.583121625962149,1.82671506778936,0.816432931403607
221,-0.411618289116232,0.114278473442536,-0.669512741293228,-0.584923278455812,1.82671506778936,0.818338074644329
222,-0.412941830245028,-0.0280944352369654,-0.801460590087419,-0.585600110232226,1.82671506778936,0.817407644324539
223,-0.416086712810115,-0.139494428806706,-0.925984444256451,-0.585910405602501,1.82671506778936,0.828182007073404
224,-0.323767033002233,-0.26527166108112,-1.03700656717931,-0.586067492633704,1.82671506778936,0.847152832947835
225,-0.765375309028882,0.176688217319635,0.943548226341284,-0.458960812238474,-0.573904338980774,-0.44436373329459
226,-0.565947395846808,0.798650512189436,0.700058272534899,-0.490665241696389,-0.573904338980774,-0.872486574385818
227,-1.21923159120691,0.272387349564683,0.593050873250952,0.0479377046438355,-0.573904338980774,1.1386125069003
228,-0.529668578260378,0.0710863773835769,0.450807944565513,-0.553880166005797,-0.573904338980774,-1.1017856579628
229,-0.549112013382244,-0.358531468041053,0.983678730913097,-0.427966183440065,-0.573904338980774,-0.949334981749055
230,-0.429801723762308,0.277882433511644,0.428341036266272,-0.473375971533843,-0.573904338980774,-0.976696630263137
231,-0.430677705986524,-0.896470099298883,0.439149566026222,-0.115015848402489,-0.573904338980774,-0.548659964586685
232,-0.51319642700929,0.0441842988896561,0.242257526787256,-0.473798748975843,-0.573904338980774,-1.01361287361694
233,-1.62397336709983,0.5281408549122,0.792002267126974,0.955272396866878,1.82671506778936,1.75463577253096
234,-1.56096101737746,0.269640885168958,0.595601119349612,0.675133857889888,1.82671506778936,1.74874182087798
235,-1.24825107844941,-0.0600512985963612,0.570138296845761,0.370441258393773,1.82671506778936,1.75968676777094
236,-1.38715066799414,0.206670374899012,0.478364037956161,0.451820097940692,1.82671506778936,1.7579704092503
237,1.75052174860061,-3.12742896824771,0.412573577139338,-0.0905296649956112,1.82671506778936,0.138891569133956
238,1.76780464735376,-3.12742896824771,0.0289912785768997,-0.194905270172085,1.82671506778936,0.270592723566801
239,-0.383555646017248,2.10877056165835,-0.877097438826756,-0.580084610025576,1.82671506778936,0.932126153475864
240,-0.395854348245782,0.715380435729824,-0.916774646809905,-0.59625681685513,1.82671506778936,0.913220829010813
241,-0.412803646178015,2.09917750173642,-0.919407878083041,-0.589562194241433,1.82671506778936,0.910739851898998
242,-0.504553540424278,1.98775286262904,-0.941730260894676,-0.592603088870134,1.82671506778936,0.899777725678372
243,-0.444427956765863,1.88982207593921,-0.889035805569125,-0.594030447573403,1.82671506778936,0.924945322862402
244,-0.370135607029055,1.77386931462582,-0.902265259621289,-0.594874063111339,1.82671506778936,0.919926787988128
245,-0.491960742118917,1.65274509775265,-0.928612466361818,-0.595450048892414,1.82671506778936,0.907282483590999
246,-0.396460462025702,1.30211128096624,-0.900943990394715,-0.595731254071726,1.82671506778936,0.921200571972235
247,-0.372620456871264,1.14675227204188,-0.871116932489296,-0.59597173298369,1.82671506778936,0.935565194659514
248,-0.413508028439736,0.949492742521472,-0.886385444030865,-0.596192818435011,1.82671506778936,0.92735501421705
249,-0.44826914941735,2.09598130289663,-0.91545747291737,-0.581352942351578,1.82671506778936,0.94062315398217
250,-0.533621507908566,1.11710242862543,-0.93779882717317,-0.596658261490424,1.82671506778936,0.928881659288459
251,-0.451341353310803,2.15041787708836,-0.929925919420304,-0.590326296590737,1.82671506778936,0.935900469610699
252,-0.514654789175522,2.06406021879711,-0.94500389965527,-0.593227558302814,1.82671506778936,0.92592349345644
253,-0.454217945932503,1.99726788279611,-0.909525584141944,-0.594515284089458,1.82671506778936,0.946174474970753
254,-0.554505135619095,1.8992680979033,-0.947621137876983,-0.595353081589203,1.82671506778936,0.92462762780575
255,-0.503899309571162,1.80823588144333,-0.967203046333163,-0.595808827914295,1.82671506778936,0.917754680044362
256,-0.511064107913083,1.63112376820089,-0.967203046333163,-0.596171485628304,1.82671506778936,0.917194735748813
257,-0.530677304887048,1.47163915483638,-0.95023688935918,-0.596386753041433,1.82671506778936,0.923994368603157
258,-0.464953264939786,1.26008899408899,-0.930582506460169,-0.596536082688378,1.82671506778936,0.934521851150237
259,-0.696025690893563,2.06406021879711,-0.946966967709948,-0.582250859579313,1.82671506778936,0.945621661870047
260,-0.727937588248622,1.44423817684824,-0.986701396705941,-0.596908437132709,1.82671506778936,0.924680190538143
261,-0.704352724776164,2.14400241036341,-0.969807652631395,-0.590816951144985,1.82671506778936,0.934178656550739
262,-0.689063258426028,2.14400241036341,-0.974362139730518,-0.59358827667076,1.82671506778936,0.931594798575223
263,-0.684779043204663,2.03857688078437,-0.976312670519968,-0.594889577879853,1.82671506778936,0.927402491068066
264,-0.763698282403579,2.00361494249186,-0.975662586399113,-0.595647862190964,1.82671506778936,0.930417140101338
265,-0.71342041313409,1.95608438366763,-0.985404104839725,-0.596093911785736,1.82671506778936,0.923032175520967
266,-0.66583368352671,1.80510794795988,-0.97176013261198,-0.596400328463883,1.82671506778936,0.933409437086293
267,-0.676601381240775,1.67130645394057,-0.931239000510608,-0.596615595877012,1.82671506778936,0.951858956867915
268,-0.672796281730165,1.50215458496261,-0.934520076013127,-0.596778500946406,1.82671506778936,0.95109043913873
269,-1.08467704256123,1.98141322830212,-0.977612560347969,-0.582824906014323,1.82671506778936,0.944091001874051
270,-1.120207260807,1.65892926337988,-1.00482453188673,-0.597057766779654,1.82671506778936,0.929328319208936
271,-1.12259803714033,2.17932433520743,-0.972410773620867,-0.59114082193771,1.82671506778936,0.945388267949716
272,-1.15348789227288,2.13438479340868,-0.995772051469548,-0.593820998198466,1.82671506778936,0.934699392202076
273,-1.13076601655848,2.10557213107746,-0.969807652631395,-0.595097087908725,1.82671506778936,0.94448439252687
274,-1.13211579855145,2.01314110221169,-0.982808407863943,-0.595816585298552,1.82671506778936,0.941032635359348
275,-1.10558209340074,2.05449839237321,-0.954157729313633,-0.596268452931516,1.82671506778936,0.953441839029513
276,-1.12024249151873,1.97824452475397,-0.9879983175192,-0.59656905157147,1.82671506778936,0.937971759763857
277,-1.16918289286318,1.87095004425494,-0.980860660961059,-0.596784318984599,1.82671506778936,0.94063331269617
278,-1.14156388004354,1.79572858823759,-0.997713398437911,-0.596941406015801,1.82671506778936,0.933307016974285
279,-1.59763650678999,0.261405801774032,2.17302573135584,2.42703048892921,-0.093780457626747,1.33174037745778
280,-0.903452115868861,0.344047698303241,0.82523242016274,0.213718824251797,-0.573904338980774,0.279756405986958
281,-0.483364351883389,0.0307600643098305,0.788512624386646,-0.294071791820055,-0.573904338980774,-0.478966009838817
282,-0.608452368552423,-1.05034677708804,1.43083033378884,2.13594046272755,-0.573904338980774,0.495648891946538
283,0.286224182264055,-0.524594807803316,0.707821949791482,0.185121227188767,-0.573904338980774,-0.116872028346442
284,-0.701818995856898,1.20925503761717,1.47712906653222,0.0067149647027148,-0.573904338980774,-0.286130013258162
285,-0.489580400430828,-0.144767850389964,0.339183350964009,-0.340400829948275,-0.573904338980774,-0.20056521364395
286,-0.789036185321534,1.5818393344946,1.29801266801289,0.303240977922387,-0.573904338980774,0.587056644257515
287,-0.760368103473145,0.0388124612092188,0.381969422393842,-0.27291158691332,-0.573904338980774,-0.2718137723009
288,-0.588781290543027,0.732558659766241,1.03389857074573,-0.296108105187489,-0.573904338980774,-0.919398338019195
289,-0.0672883066997314,3.3435861293064,0.923114339882724,0.358845908275785,-0.573904338980774,-0.277648096785257
290,0.00251282649145403,-1.03365542839934,-0.38268631586774,-0.472918285862686,-0.573904338980774,-0.144054084781579
291,-1.73978017659605,0.615694112558961,0.973850568976243,0.113223850549833,-0.573904338980774,1.64249360434192
292,-1.73978017659605,0.615694112558961,0.973850568976243,0.113223850549833,-0.573904338980774,1.64249360434192
293,-0.530808705816767,0.176688217319635,0.687136480228543,-0.422797826178911,-0.573904338980774,-0.999870279776605
294,-0.707928452795788,0.715380435729824,0.826108817872186,-0.296311736524233,-0.573904338980774,-0.266212800017801
295,-0.88741967481553,-1.0859992648217,0.785896425497009,-0.420623819240917,-0.573904338980774,-0.331270901205358
296,-0.747269704184124,0.195757732537188,0.450807944565513,-0.383531886416591,-0.573904338980774,-0.273633688761862
297,-1.11274789835891,-0.00673278156211396,0.782409537751593,-0.125668676333265,1.82671506778936,0.837175305957696
298,-1.26997883975461,0.319187190267604,0.723373166081423,-0.0412431241194519,1.82671506778936,1.09125686863165
299,-0.67997803628203,0.272387349564683,1.96732795125565,-0.492022783941345,-0.573904338980774,-0.221780666065982
300,-0.980524979993425,0.366194852180467,0.504346867127473,-0.162886666651765,-0.573904338980774,0.591388002680896
301,-1.09789187527801,0.272387349564683,1.4026025958454,0.0768126281940495,-0.573904338980774,0.531193253729586
302,-1.58425150764963,0.305400967589425,1.09982992792647,2.42703048892921,-0.573904338980774,1.55970305635372
303,-1.00928693382628,2.37357732710296,1.85519881093193,0.838310435733598,-0.573904338980774,-0.277522689165371
304,-1.08573294591108,-0.155306154752097,1.15898063715534,0.219211052305676,-0.573904338980774,-0.379557644273287
305,-0.623162340343223,-0.314606576211241,0.308082839297376,-0.32315810409127,-0.573904338980774,-0.215425568249913
306,-0.337045187059979,-1.09784869448075,0.239023381841701,0.136497942666572,-0.573904338980774,-0.159229304302024
307,-0.783598391939259,-0.0919054888924151,0.390227672479678,-0.216709337972142,-0.573904338980774,1.14304006033024
308,-1.02120462788123,-0.0414222774736178,0.399322990811843,-0.133346547401523,-0.573904338980774,1.76656050950334
309,-1.25483985880551,0.352347483629422,0.848929735032278,-0.139325551317522,-0.573904338980774,1.02860285567427
310,-0.752431206133512,0.203941138419544,0.312166997238193,-0.391351329747537,-0.573904338980774,-0.264939391965074
311,-0.982919437208284,0.0549365512194806,0.282815238736882,-0.246012857002549,-0.573904338980774,1.12967604569364
312,-1.49660034823429,0.41619442375009,0.46081605168863,-0.179479711577256,-0.573904338980774,1.40598102039929
313,-1.36271388801396,0.19303136495046,0.325252621199242,-0.168619373617608,-0.573904338980774,1.60389638550675
314,-1.85575681889473,0.460834485514727,0.594750939422234,-0.0962429785008117,-0.573904338980774,1.57870599876337
315,-1.69969464214025,0.40228224473754,0.455810242712522,-0.103430195014822,-0.573904338980774,1.67847784394636
316,-0.370874643035851,-1.08362729556954,0.337542983774861,-0.179694978990385,-0.573904338980774,-0.0434542819283314
317,-0.59492999393438,-0.489079438134771,0.156277797158779,-0.307668547076322,-0.573904338980774,-0.138184869082513
318,-0.361922452002711,0.0227140979055496,0.485897776147219,-0.211601100438979,-0.573904338980774,-0.0112444441367632
319,-0.624025812457956,1.14675227204188,0.742423430682214,0.359041782228271,-0.573904338980774,-0.204373038050952
320,-0.602356255478804,-0.233980809112132,0.964926256314879,0.15967118878797,-0.573904338980774,1.59660936290113
321,-0.462632632026583,-0.231368623587917,0.972064915661664,-0.171163795653869,-0.573904338980774,-0.15658811596137
322,-0.664325456464486,0.0066414518530687,1.13162821314544,-0.357224657055408,-0.573904338980774,-0.650327714386989
323,-0.828620736064527,0.0737805178665612,1.73461020031545,-0.292729764343613,-0.573904338980774,-0.416922221641066
324,-0.739378261007011,0.798650512189436,1.54273250583936,-0.384749795744923,-0.573904338980774,-0.674878355337954
325,-0.666761896907604,0.34958016895641,0.565056299939548,-0.448232349811193,-0.573904338980774,-0.338531664295321
326,-0.400388729566652,-0.471269894977369,0.599853487493533,-0.461732137764249,-0.573904338980774,-0.757082183441656
327,-0.644560553284349,-0.102500749234169,1.1955895656552,-0.28948135968604,-0.573904338980774,-0.769505713895716
328,-0.148815339675797,-0.223527806030434,0.607513918588395,-0.0811703808896718,-0.573904338980774,1.15787952891094
329,-0.38693669770009,-0.142131495418676,0.549831435672239,0.0987039665669969,-0.573904338980774,1.58787796546627
330,-0.782642099936606,0.0200335378987151,0.554902869838621,-0.141794338857278,-0.573904338980774,-0.268990103628524
331,-0.430821489487582,1.49299222795491,0.430002814944739,-0.379381685839154,-0.573904338980774,-1.27462087510483
332,-2.44622201749081,0.380060216652267,-0.0727349356607133,-0.520701833539073,-0.573904338980774,1.26984845360977
333,-0.527886771558906,-0.808658530826997,2.08882634633139,-0.491722185301391,-0.573904338980774,-1.04499300457483
334,-1.02398035090883,-0.927957350615935,0.972957692891792,-0.484197522572206,-0.573904338980774,-0.418958144648932
335,-1.44443929916682,0.0280773610673082,1.07809560031858,0.563528370585992,-0.573904338980774,1.46163103988128
336,-0.698528451550817,-0.448321078486583,1.19742418513836,-0.0880899676468189,-0.573904338980774,-0.234460175848525
337,-0.654208371397664,-0.438103240534941,1.10890275323997,-0.0929926344971742,-0.573904338980774,-0.22902971148108
338,-0.304848909273973,-0.376558707838601,0.791129708840178,-0.0970555645017211,-0.573904338980774,-0.157994892611398
339,-0.698221754595309,0.949492742521472,1.62805583569865,-0.161620273671828,-0.573904338980774,-0.380243927561397
340,-0.575669814142759,-0.283477467616866,1.27761515558776,-0.401249752059331,-0.573904338980774,-0.895578815764828
341,-0.375191387855027,2.21796013772624,0.866529616756886,-0.244282960313262,-0.573904338980774,-0.429280110423418
342,-0.236578146935726,-0.580125530724905,0.256830372852195,-0.174055360635625,-0.573904338980774,0.0226991791412316
343,-0.962648443165102,0.0066414518530687,1.73753326506823,-0.0433124063699776,-0.573904338980774,-0.187537394513488
344,-0.815627854142548,-2.03182539771754,1.60016661267244,-0.513532071139641,-0.573904338980774,-0.760885155795532
345,-0.794114762143448,-0.0547322868296983,1.14346996130201,-0.280676728554468,-0.573904338980774,-0.233296603900981
346,-0.478454035811916,0.266895139100756,0.732026482047816,-0.249331078118434,-0.573904338980774,-0.184147420236515
347,-0.224734170792076,0.500046005690823,0.416719498681959,-0.232483978858531,-0.573904338980774,-0.134448195956311
348,-0.0191590957360802,0.598694086972955,0.305633509923124,-0.207704954195955,-0.573904338980774,-0.106656635092342
349,0.164898611268366,0.598694086972955,0.254399383730753,-0.200727187056882,-0.573904338980774,-0.0907693983083093
350,-0.700007154870034,0.00128961647818996,1.17818050558646,0.688796550912338,-0.573904338980774,0.148743169268011
351,-0.670145115403941,0.302645879893362,1.35388738529781,0.229276258378992,-0.573904338980774,-0.0278967473470152
352,-0.794918646392691,0.0066414518530687,0.905388198722181,0.128624197645827,-0.573904338980774,0.0143792030769375
353,-0.589579687096255,-0.394551273407225,1.36697647300565,-0.474010137696843,-0.573904338980774,-0.906408964910081
354,-0.50942196960137,-0.0414222774736178,1.01951838108313,-0.489598601361067,-0.573904338980774,-1.10417407462414
355,-0.582897687829008,-1.13800696217008,3.16118977395679,-0.323813603060977,-0.573904338980774,-1.06044341624153
356,-0.582897687829008,-1.13800696217008,3.16118977395679,-0.323813603060977,-0.573904338980774,-1.06044341624153
357,-0.593768387504053,1.1734996578762,0.657928820337019,0.118366996312152,-0.573904338980774,0.19708917503506
358,-0.887744044657917,-0.139494428806706,1.24157436008567,-0.309908491780499,-0.573904338980774,-0.225090590705179
359,-0.852114333915876,-0.0680244688003998,1.06815311361261,-0.329175894928553,-0.573904338980774,-0.236080443018601
360,-0.808869301959124,-0.0227583039055824,0.870054324953358,-0.348966921513947,-0.573904338980774,-0.247499231432319
361,-0.75665636955874,0.0066414518530687,0.68197394633007,-0.359400603339466,-0.573904338980774,-0.255082915872525
362,-0.694619609949445,-0.00138523016100725,0.527053534173204,-0.352589619961915,-0.573904338980774,-0.254766705247195
363,-0.759842678821809,0.250435745148364,0.566749907617739,-0.35865395510474,-0.573904338980774,-0.381052251865954
364,0.179320218666806,-1.0001704721147,0.132370129634075,-0.068423059209535,-0.573904338980774,-0.3288485519901
365,-0.624289305429045,-0.0120774774192617,0.665649224285998,-0.55714214608582,-0.573904338980774,-0.909856777665502
366,-0.47926174895087,0.0119961436488758,0.420037989394312,-0.326129182261659,-0.573904338980774,-0.204056165609244
367,-0.904773850002318,-0.932791076960262,1.66762945084369,0.0877893269175507,-0.573904338980774,-0.180781128113894
368,-0.622806308011137,-0.373985511137708,1.15898063715534,-0.241604723398571,-0.573904338980774,-0.169106421274339
369,-0.802918750391424,-0.128939045068273,0.141922759298312,-0.123647877734345,-0.573904338980774,-0.31065059270675
370,-0.686434804055341,0.914508364030958,0.685415243073213,-0.336297173676379,-0.573904338980774,-0.452871688173939
371,-0.59533982258121,0.0791709444733616,0.402633300187989,-0.330186294228013,-0.573904338980774,-0.196351927596385
372,-1.37287681360553,-0.0945553725863522,1.00605996335398,0.00913138989873646,-0.573904338980774,1.22665076073091
373,-0.807908960319134,-0.0254267263606716,-0.180385927192359,-0.53568134253913,-0.573904338980774,-0.239726179633064
374,-0.27806117024636,-0.00138523016100725,0.366305557131401,-0.372675427149071,-0.573904338980774,-0.958113463281348
375,-0.0100407317441404,-0.13421816048394,0.381969422393842,0.423860545732791,-0.573904338980774,-0.773793292223331
376,-0.567214745394113,0.209400328710125,0.826108817872186,-0.355717785163507,-0.573904338980774,-1.05987447452209
377,-0.382935468903727,-0.845356785153286,1.73948247785543,0.188703199369386,-0.573904338980774,-0.457183232302132
378,-0.47579884510068,0.258662210429024,0.885051936716121,-0.341277414369304,-0.573904338980774,-0.659164797387282
379,-0.303754755778885,-0.415071766959265,0.503507246894147,-0.179852066021587,-0.573904338980774,-1.01029359376352
380,-0.52992189212377,0.530954311899683,0.573528251355839,2.42703048892921,-0.573904338980774,-1.25062012884193
381,-0.52992189212377,0.530954311899683,0.573528251355839,2.42703048892921,-0.573904338980774,-1.25062012884193
382,1.76780464735376,-2.38568835755609,0.574375984575534,2.42703048892921,1.82671506778936,2.27785075886369
383,-0.663854323390329,0.146792799089676,0.0258607008924277,-0.56736056049821,-0.573904338980774,-0.81535027801355
384,-0.663854323390329,0.146792799089676,0.0258607008924277,-0.56736056049821,-0.573904338980774,-0.81535027801355
385,-0.653931772182745,0.283380391287383,-0.01158610120714,-0.56893143081023,-0.573904338980774,-0.843248409689863
386,-0.503871474046304,0.3689664852291,0.0966716370216601,-0.575024856144019,-0.573904338980774,-1.2691980572166
387,-0.463940832504398,0.41619442375009,0.181073798012682,-0.573931064963797,-0.573904338980774,-1.25847671718955
388,-0.456320976815958,4.52591388942311,1.70057465249031,2.42703048892921,-0.573904338980774,-1.15667519737618
389,-0.498834104138656,-0.0945553725863522,0.00476959245490629,-0.582512671297983,-0.573904338980774,-1.29525377919647
390,0.551433178861512,-2.04429796637427,1.23512152133489,0.553372015247657,-0.573904338980774,-1.26331166047919
391,-0.096364279491976,-0.847797740562869,0.452474987219313,2.42703048892921,-0.573904338980774,-0.817697445323269
392,-0.761965640175715,0.272387349564683,-0.422011199774488,-0.587863327089174,-0.573904338980774,-0.904259559303631
393,-0.0770775168886089,1.29309440682058,0.261694969326548,-0.56009964883376,-0.573904338980774,-1.28632069145139
394,-0.214582461928414,-0.197345573372909,0.218039231258244,2.42703048892921,-0.573904338980774,-1.04751796829924
395,-0.37335157367178,0.41619442375009,0.93732368682849,-0.505113369874849,-0.573904338980774,-1.29000119249071
396,-0.105515673722895,4.52591388942311,1.17909587767263,2.42703048892921,-0.573904338980774,2.27785075886369
397,-0.388351408021102,-0.420194819800612,0.793747678917231,-0.339729816210054,-0.573904338980774,-1.24025112153136
398,-0.660846141688112,0.449657165824873,0.772828712419636,-0.509581623206819,-0.573904338980774,-0.845626051897977
399,-0.0838737967480143,-0.496701513676786,1.22959439634893,2.42703048892921,-0.573904338980774,-1.18463155170327
400,0.679473651394852,-2.15750124835778,1.29151732131353,2.42703048892921,1.82671506778936,-1.19658019338031
401,0.698520135154278,-1.75994706702599,1.23327874845161,2.42703048892921,1.82671506778936,-1.22785216873194
402,0.811656681003915,0.0818672306845127,1.1043651009492,2.42703048892921,1.82671506778936,-0.886999895330813
403,0.459260742354463,-0.675239911817328,0.397668420343155,2.42703048892921,-0.093780457626747,-1.19815154736078
404,0.459260742354463,-0.675239911817328,0.397668420343155,2.42703048892921,-0.093780457626747,-1.19815154736078
405,-0.614354849918778,0.446864638821114,0.849808792766204,-0.522325066194827,1.82671506778936,-0.901036450994612
406,-0.630205853367598,0.744025316136882,0.894771463318553,-0.0294014770513072,1.82671506778936,-0.759619148751626
407,1.3163502173947,0.332991390562445,0.434158967101525,-0.562863216975277,-0.573904338980774,-1.17491142700558
408,0.848123106199177,0.385611402502975,1.39415180249399,-0.394681186939808,-0.573904338980774,-1.06943301178515
409,-0.410308889620177,-0.954508325500024,0.325252621199242,2.42703048892921,-0.573904338980774,1.81470692496504
410,1.42004866418477,-1.0670040608048,0.118067268421623,-0.535293473326285,-0.573904338980774,-1.0625026015612
411,-0.32473019004644,-0.186852782876631,-0.0858151761680357,2.42703048892921,-0.573904338980774,-1.03061068628859
412,-0.431266377860072,-0.373985511137708,-1.3413898159764,2.42703048892921,-0.573904338980774,-1.27186991205494
413,-0.431266377860072,-0.373985511137708,-1.3413898159764,2.42703048892921,-0.573904338980774,-1.27186991205494
414,1.47837639175202,0.255919337238586,0.52452705422932,2.42703048892921,-0.573904338980774,-0.829160623925062
415,0.334427356623016,0.310913299691691,1.43177280688283,-0.0997648309534404,0.866467305081307,-0.933222463898003
416,1.76780464735376,-2.70067356077654,1.36604088967017,2.42703048892921,1.82671506778936,-0.895074014512203
417,0.810843066255677,-0.448321078486583,0.177068156001905,-0.567261653848935,-0.573904338980774,-1.08686625486449
418,0.587773873376855,-1.63308906915283,-0.376836858165856,-0.550038321452571,-0.573904338980774,-0.819655438317797
419,-0.271862885512453,-0.808658530826997,-0.515548437241858,-0.574623411508725,-0.573904338980774,-0.827376901931172
420,0.378766744887441,-1.40441408107267,-0.441569887734939,-0.555590669234442,-0.573904338980774,-0.828009201855369
421,-0.0439710377185096,-1.50617947280159,-0.533353031700316,-0.561331133584541,-0.573904338980774,-0.833793308795122
422,1.67261557176705,-1.93328340228127,-0.65425011751915,-0.54044825516499,-0.573904338980774,-0.762058869542713
423,-0.338143554818805,-0.59018540192427,1.35949459997545,2.42703048892921,1.82671506778936,-1.15755958504198
424,-0.545510815812522,1.40779619447661,0.880637915774778,2.42703048892921,-0.573904338980774,-1.12396783934459
425,-0.614753395447906,0.446864638821114,0.744157631253349,-0.512013563171354,-0.573904338980774,-0.842410421876707
426,1.76567562185191,-0.353374457214371,-0.398012220132533,-0.576894385749929,1.82671506778936,-0.700892830461138
427,-0.148096121988167,-1.20838573983407,-0.151561079148614,2.42703048892921,-0.573904338980774,-0.98298563617404
428,-0.443225812364272,-0.455977039792878,0.683694398446329,2.42703048892921,-0.573904338980774,-1.01201150918884
429,0.331110038498135,0.474822364606812,2.08074763980326,-0.440484662284623,-0.573904338980774,-1.27088527098064
430,0.819155043264388,0.393943582420067,1.44781013979465,-0.366310493366292,-0.573904338980774,-0.836748308741101
431,-0.652786190845924,-1.38617672059745,-1.39819684516007,2.42703048892921,-0.573904338980774,-1.21547725798131
432,1.76780464735376,-2.79440661904109,1.33615489393909,2.42703048892921,1.82671506778936,-0.942987373131161
433,1.39808513554712,-0.30164852114623,1.22039047833355,2.42703048892921,1.82671506778936,-1.0986477420488
434,1.38586171791937,-1.03365542839934,1.1389134577718,0.0834005867742144,1.82671506778936,-1.2398844669774
435,0.104123309103828,-0.0520717113252194,1.21487290094841,-0.142814434887059,-0.573904338980774,-0.973255092857154
436,0.137185529838928,-0.0520717113252194,1.21487290094841,-0.142781466003967,-0.573904338980774,-0.973259984789019
437,1.76780464735376,-0.0307614305783828,0.246302388858689,-0.572082868164593,-0.573904338980774,-0.930405986886467
438,1.76780464735376,-0.0307614305783828,0.246302388858689,-0.572082868164593,-0.573904338980774,-0.930405986886467
439,1.5692963440306,0.0388124612092188,0.245493222575236,-0.572067353396079,-0.573904338980774,-0.945795446479169
440,-0.260945624603689,0.0253953722804789,1.05732043801819,-0.34666297838965,-0.573904338980774,-0.889650405351269
441,-0.37822167779007,-0.373985511137708,-0.689562155297884,0.922553689417374,-0.573904338980774,-1.28338774037546
442,1.0940109752604,-2.54256515238189,1.11707677597917,2.42703048892921,1.82671506778936,-1.0762818661807
443,1.0940109752604,-2.54256515238189,1.11707677597917,2.42703048892921,1.82671506778936,-1.0762818661807
444,-0.48236214557495,-0.197345573372909,-1.64458823253935,-0.594003296728503,-0.573904338980774,-1.25826698200635
445,-0.496992427518357,-0.509390863006489,-1.93109362946933,-0.596109426554249,-0.573904338980774,-1.26050403641961
446,-0.447137379809104,-0.115728798179287,-1.10257263099342,-0.58908317576357,-0.573904338980774,-1.26622127267214
447,-0.5377175844581,-0.181602122474404,-2.08881001096014,-0.59683086329014,-0.573904338980774,-1.25731497060506
448,-0.575220289351712,-0.252246227745932,-1.54671926697252,-0.593117015577154,-0.573904338980774,-1.03450924057673
449,-0.589853896382652,-0.30164852114623,-1.8857782154611,-0.595801070530038,-0.573904338980774,-1.02502592480214
450,-0.584111652407582,-0.257458530105897,-0.985404104839725,-0.585547747888492,-0.573904338980774,-1.07444405376766
451,-0.60383166686722,-0.317196060915487,-2.03550231440957,-0.596611717184883,-0.573904338980774,-1.01262324627649
452,-0.707766956697297,-0.299054783512265,-1.52408713233972,-0.592248188540382,-0.573904338980774,-0.705306287852912
453,-0.734293980351832,-0.299054783512265,-1.88120735336122,-0.595535380119239,-0.573904338980774,-0.670427895472463
454,-0.699886411820126,-0.267874618900196,-0.929269239388392,-0.582896661818699,-0.573904338980774,-0.745324603890178
455,-0.740425981251862,-0.324960263213869,-2.03261564411873,-0.596491477728901,-0.573904338980774,-0.661327010822654
456,-0.459586111623445,-0.332718088728092,-1.53315732028758,-0.593287678030805,-0.573904338980774,-1.27333174050203
457,-0.443451730640792,-0.280878766203144,-1.82268944071161,-0.595981429714011,-0.573904338980774,-1.24943366743748
458,-0.441085226911953,-0.260063616728454,-0.774400586313068,-0.584360868097187,-0.573904338980774,-1.27694386825328
459,-0.498533227795626,-0.373985511137708,-2.10149746154045,-0.596817287867691,-0.573904338980774,-1.26495573254203
460,-0.555529272267239,-0.288672742753674,-1.39290683232963,-0.592153160583235,-0.573904338980774,-1.04953988764254
461,-0.580112209000129,-0.343051938722355,-1.84489717372921,-0.595700224534698,-0.573904338980774,-1.01540825802109
462,-0.494754772021242,-0.215680596063351,-0.620092464495309,-0.580346421744246,-0.573904338980774,-1.0745449272376
463,-0.591427595300555,-0.30164852114623,-1.96633899227944,-0.596574869609663,-0.573904338980774,-0.992038025809257
464,-0.678276668510162,-0.30164852114623,-1.41402268898446,-0.591319241775619,-0.573904338980774,-0.706380346683662
465,-0.739158549770917,-0.322372904372168,-1.85003827800504,-0.595430655431771,-0.573904338980774,-0.669461149805076
466,-0.600760921013919,-0.247031086269733,-0.634061655223103,-0.576902143134186,-0.573904338980774,-0.747231178183373
467,-0.753931320629152,-0.332718088728092,-2.00649390695907,-0.596454630153681,-0.573904338980774,-0.648685194637403
468,-0.462154209352682,-0.322372904372168,-1.42803448752631,-0.592944413777438,-0.573904338980774,-1.27299751177749
469,-0.490175255943986,-0.239203049934583,-1.9100353455093,-0.596024095327424,-0.573904338980774,-1.25915388171996
470,-0.3973411707271,-0.110439715156823,-0.450240453339743,-0.583412527871782,-0.573904338980774,-1.27851247723321
471,-0.518344364017709,-0.30164852114623,-1.95447466851914,-0.596716441872351,-0.573904338980774,-1.24902816323284
472,-0.555387004641892,-0.304241549847093,-1.32406413541269,-0.591681899489629,-0.573904338980774,-1.04956491906831
473,-0.542674364863653,-0.317196060915487,-1.84283825170976,-0.595599378539359,-0.573904338980774,-1.03858487302754
474,-0.488428015793139,-0.123657082206377,-0.334983386437929,-0.577094138394544,-0.573904338980774,-1.08182371372599
475,-0.64310458443743,-0.376558707838601,-2.04845340276226,-0.596549658110828,-0.573904338980774,-1.02874663319628
476,-0.62355745070134,-0.350794889763262,-1.30124528330482,-0.590320478552544,-0.573904338980774,-0.705626412098572
477,-0.689288682876177,-0.330132855347168,-1.7961373584607,-0.595316234013982,-0.573904338980774,-0.659495787640368
478,-0.546540520023762,-0.215680596063351,-0.255581118446522,-0.574681591890651,-0.573904338980774,-0.77037992165155
479,-0.737840678912008,-0.335302613711394,-1.99529044834728,-0.596437176039103,-0.573904338980774,-0.657645497762536
480,-0.436143437004189,-0.296460336900589,-1.27405224640974,-0.591703232296335,-0.573904338980774,-1.27255726290298
481,-0.459836419457304,-0.544827254263472,-1.80344916641771,-0.595655619575221,-0.573904338980774,-1.26000222975885
482,-0.297273503005753,-0.192100599724654,0.267374744644828,-0.574144393030862,-0.573904338980774,-1.28712957114667
483,-0.543990696541815,-0.384274052296307,-2.01716690034814,-0.596702866449902,-0.573904338980774,-1.25755199982948
484,-0.379033680433676,-0.580125530724905,-1.12022704809967,-0.589164628298267,-0.573904338980774,-1.0609170101354
485,-0.506076152011764,-0.466175100966729,-1.74606096281155,-0.595137814176074,-0.573904338980774,-1.02440124376626
486,-0.266732454922669,-0.296460336900589,0.119654929895667,-0.566681789375732,-0.573904338980774,-1.0866088146513
487,-0.581765846962992,-0.343051938722355,-1.96929716522814,-0.59648178099858,-0.573904338980774,-1.0170693436734
488,-0.419057221042516,-0.491620835582678,-1.12274320509543,-0.588476160445468,-0.573904338980774,-0.712541470971639
489,-0.616586573259195,-0.506854403920766,-1.74499808369162,-0.595038907526798,-0.573904338980774,-0.66675910557203
490,-0.214281898094353,-0.273078406046336,0.296660112350731,-0.556114292671782,-0.573904338980774,-0.773315650666958
491,-0.660390524772826,-0.483994526211902,-1.95447466851914,-0.596254877509066,-0.573904338980774,-0.645387187158352
492,-0.334286658673994,-0.296460336900589,-1.12651467477085,-0.591210638396023,-0.573904338980774,-1.28050919163814
493,0.172301227505499,-0.443213572452521,-2.08551031595049,-0.597125643891902,-0.573904338980774,-1.25036764079821
494,-0.514920467638741,-0.254852733793205,-1.83820049373085,-0.595754526224497,-0.573904338980774,-1.26680622324042
495,-0.466180642634381,-0.420194819800612,-1.94255970139971,-0.596596202416369,-0.573904338980774,-1.23610145709774
496,-0.244942246082439,-0.30683386965942,-1.03251501960411,-0.588776759085423,-0.573904338980774,-1.05627365858088
497,-0.638736932807937,-0.415071766959265,-2.0746384163363,-0.59701897985837,-0.573904338980774,-1.00753760715809
498,-0.475753013844484,-0.476361865083973,-1.74287125547822,-0.595139753522138,-0.573904338980774,-1.03058153018723
499,-0.50817137203016,-0.366261674763204,-1.96485871990036,-0.596427479308782,-0.573904338980774,-1.01461907458562
500,-0.359423615494755,-0.443213572452521,-0.999007166154092,-0.586831594983007,-0.573904338980774,-0.726266366806904
501,-0.7083524292055,-0.361108911506089,-2.05514371797743,-0.596912315824838,-0.573904338980774,-0.617822129764221
502,-0.624748046203184,-0.438103240534941,-1.72687455180673,-0.594938061531459,-0.573904338980774,-0.692068790850152
503,-0.688647528733256,-0.358531468041053,-1.93758017474732,-0.596313057890993,-0.573904338980774,-0.651888610996666
504,-0.465715165324799,-0.22875572792917,0.275496954515012,2.42703048892921,-0.573904338980774,-1.24775586394787
505,1.40815430239524,-0.857554571672566,-0.182655688615595,2.31219017239019,-0.573904338980774,-1.03918156944437
506,1.40815430239524,-0.857554571672566,-0.182655688615595,2.31219017239019,-0.573904338980774,-1.03918156944437
507,-0.410384582267814,0.255919337238586,0.203550100698035,-0.576446396809094,-0.573904338980774,-1.20429737511419
508,-0.410384582267814,0.255919337238586,0.203550100698035,-0.576446396809094,-0.573904338980774,-1.20429737511419
509,0.24747901947979,-0.450873771909684,0.0856053055430713,2.42703048892921,-0.573904338980774,-0.97693799556157
510,-0.400548310097773,-0.0786453823548049,-0.649384284060735,2.42703048892921,-0.573904338980774,-1.19512747060315
511,-0.390967260824488,-0.565014602010082,-0.613093745370213,2.42703048892921,-0.573904338980774,-1.24135509511528
512,1.76780464735376,0.0953593925640135,0.102211895418267,2.42703048892921,-0.573904338980774,-0.957997994883903
513,0.887658239849754,-0.233980809112132,0.082446969800832,2.42703048892921,-0.573904338980774,-1.14358510972478
514,-0.162186103093379,-1.28970718646466,-0.161437763427954,-0.537114519280591,-0.573904338980774,-1.03004467700151
515,0.0527815403689529,0.195757732537188,-0.14395261921702,-0.577726365211481,-0.573904338980774,-1.24899026801824
516,-0.375783084262728,0.327467552785586,1.22315060948428,-0.381160066180046,-0.573904338980774,-1.26757411693612
517,1.76780464735376,-0.267874618900196,-0.238370800492455,-0.243220198670068,-0.573904338980774,-0.780106717672211
518,-0.323707117517234,0.57889363723719,0.86212594981376,2.42703048892921,-0.573904338980774,-1.20871154366702
519,-0.323707117517234,0.57889363723719,0.86212594981376,2.42703048892921,-0.573904338980774,-1.20871154366702
520,-0.323707117517234,0.57889363723719,0.86212594981376,2.42703048892921,-0.573904338980774,-1.20871154366702
521,-0.323707117517234,0.57889363723719,0.86212594981376,2.42703048892921,-0.573904338980774,-1.20871154366702
522,1.76780464735376,-2.65971309689759,1.13800245483209,2.42703048892921,1.82671506778936,-0.828478668952235
523,1.00286717510466,-2.09806568238618,1.09348485035158,2.42703048892921,1.82671506778936,-1.13605926468225
524,1.00286717510466,-2.09806568238618,1.09348485035158,2.42703048892921,1.82671506778936,-1.13605926468225
525,1.76780464735376,-2.28267955846711,1.44875441186918,2.42703048892921,1.82671506778936,-0.599980162436418
526,1.52006664704781,-1.80316011236067,1.37259206846626,2.42703048892921,1.82671506778936,-1.10602594523799
527,0.768980682554824,-1.89939661591146,1.34735017343539,2.42703048892921,1.82671506778936,-1.22704088080884
528,1.09705914496546,0.217594494566912,0.296660112350731,-0.487923006361578,-0.573904338980774,-0.904114538457941
529,-0.564923526367335,-0.816010773759039,-0.519114081783256,2.42703048892921,-0.573904338980774,-0.715857554942777
530,1.11595302011326,-1.41351624726193,-0.236122253761868,2.42703048892921,-0.573904338980774,-0.884248943342678
531,0.167267478674562,-0.612778941184136,0.732026482047816,2.42703048892921,-0.573904338980774,-1.14949629648129
532,0.442752473555858,-0.779186561530444,0.0501629879532369,-0.569301845908497,-0.573904338980774,-1.09117116005249
533,0.109280257147112,0.0576264014255819,-0.931895401574237,-0.589504013859506,-0.573904338980774,-1.20034994211944
534,0.109280257147112,0.0576264014255819,-0.931895401574237,-0.589504013859506,-0.573904338980774,-1.20034994211944
535,1.47844536072377,-0.30164852114623,1.22039047833355,2.42703048892921,1.82671506778936,-1.09877111284228
536,1.46917717748666,-1.84824138603009,1.27761515558776,2.42703048892921,1.82671506778936,-1.14024984112916
537,1.67620340190979,-2.12477905736463,1.40918102720255,2.42703048892921,1.82671506778936,-1.06195412746476
538,1.67620340190979,-2.12477905736463,1.40918102720255,2.42703048892921,1.82671506778936,-1.06195412746476
539,1.07743708427341,-1.62646502656587,1.27946748304192,2.42703048892921,1.82671506778936,-1.21963571437045
540,-0.520399243318826,-0.489079438134771,-2.05418900613567,-0.596685412335324,-0.573904338980774,-1.25739397858616
541,-0.522755233950501,-0.314606576211241,-2.0570520944148,-0.596681533643195,-0.573904338980774,-1.26063634272212
542,1.76780464735376,-3.03780281697625,1.03120035491149,1.6630638938499,1.82671506778936,-0.986877409366585
543,-0.632055570845864,-1.51067011122059,-1.62369319890722,2.42703048892921,-0.573904338980774,-1.2602325958251
544,1.76780464735376,-2.26266342091238,1.35669054373283,2.42703048892921,1.82671506778936,-0.799774173273182
545,-0.323707117517234,0.57889363723719,0.86212594981376,2.42703048892921,-0.573904338980774,-1.20871154366702
546,1.3340815216518,-0.199966994107923,0.283628866612532,-0.51858794632907,-0.573904338980774,-1.05953875097027
547,-0.222999964479758,-1.14742683199668,0.439981673672089,-0.433838523322531,-0.573904338980774,-1.1951647888919
548,-0.191632570969021,0.382835449530203,0.876226360509855,-0.438669434368511,-0.573904338980774,-0.71830030839911
549,0.896525708505122,-1.16153583917282,0.731160708353247,-0.413104974549925,-0.573904338980774,-1.11638724229314
550,1.76780464735376,-1.84181952738424,0.21642777837801,2.42703048892921,-0.573904338980774,-0.824256006897301
551,0.467719683102291,-0.358531468041053,-1.02223158983698,2.42703048892921,-0.573904338980774,-1.12086856685051
552,1.6819320185021,-0.867300220148782,0.0188225339962703,-0.522745904290764,1.82671506778936,-0.947803597321487
553,-0.228227441228152,0.125105124618868,0.858604790729975,-0.43819623392884,-0.573904338980774,-0.710862948411429
554,-0.302699304298394,0.0710863773835769,-0.160678592837956,2.42703048892921,-0.573904338980774,-0.789938939672248
555,-0.376195174430111,0.201212619228329,0.714729673107784,-0.523531339446774,-0.573904338980774,-1.15349018285455
556,1.408364665535,-0.857554571672566,-0.183412084458948,0.713381640968491,-0.573904338980774,-1.039165884299
557,1.408364665535,-0.857554571672566,-0.183412084458948,0.713381640968491,-0.573904338980774,-1.039165884299
558,-0.481149048427364,0.165807123228438,0.700058272534899,-0.425379095790391,-0.573904338980774,-1.08097391578019
559,-0.637245161994993,-0.717462605086054,-1.53202481108615,-0.59292695966286,-0.573904338980774,-1.14508549368775
560,-0.372782419822289,-0.165833076399673,-1.08230756048281,2.42703048892921,-0.573904338980774,-0.984797340979961
561,-0.46266453043764,-0.0147487546285132,0.169064127181227,-0.558439568602785,-0.573904338980774,-1.2665891405094
562,-0.535628682645845,0.201212619228329,0.348212320904641,-0.558972888770446,-0.573904338980774,-1.09070849426591
563,0.537410482598306,1.33824480086013,-0.440846724501558,2.42703048892921,1.82671506778936,-1.12403875872881
564,1.67786167400687,0.0280773610673082,0.161868770580691,2.42703048892921,1.82671506778936,-1.03394327869075
565,0.597429302223513,-0.862428793555439,-0.343820319631641,-0.565785811494061,-0.573904338980774,-0.754415618949362
566,-0.145900791208917,0.483223749838986,0.52452705422932,-0.537832077324353,-0.573904338980774,-1.13312714854475
567,-0.396252506505941,0.144079332921796,-0.421285476179231,-0.586168338629043,-0.573904338980774,-1.19423120540255
568,-0.454871812067019,0.217594494566912,0.616034812006524,2.42703048892921,-0.573904338980774,-1.21348841205742
569,1.7042339065572,0.319187190267604,0.29502984767683,-0.524310956564591,-0.573904338980774,-1.18984574372643
570,1.38769219810868,0.999233545543775,0.00945044137814042,2.42703048892921,-0.573904338980774,-0.947948520719694
571,1.11981593057335,-0.244422450751912,-0.615894363183511,-0.587803207361183,-0.573904338980774,-1.08147857029246
572,0.43840520778876,-1.21772248904936,-0.781179620314226,2.42703048892921,-0.573904338980774,-0.994946377095396
573,1.75842037278547,-0.236592284546212,-0.96915664031112,2.42703048892921,-0.573904338980774,-0.811545222848965
574,1.65357102030641,0.0737805178665612,-0.961337250629069,-0.587331946267577,-0.573904338980774,-0.944740228319972
575,0.657211590037539,-2.4868990446013,1.2130345039547,2.42703048892921,1.82671506778936,-1.20439840059202
576,-0.371005858910301,-0.458527614342921,-0.0201364403642138,2.42703048892921,-0.573904338980774,-1.21077714593275
577,-0.371005858910301,-0.458527614342921,-0.0201364403642138,2.42703048892921,-0.573904338980774,-1.21077714593275
578,-0.397673186885826,0.324706712769726,0.103795695038979,-0.558567565443024,-0.573904338980774,-1.22058738388755
579,0.569044781473431,-0.199966994107923,0.397668420343155,2.42703048892921,-0.573904338980774,-1.06238629458356
580,1.76780464735376,-2.28667477234653,0.785024555982134,-0.333475425152935,-0.573904338980774,-0.661317529518463
581,1.76780464735376,-2.28667477234653,0.785024555982134,-0.333475425152935,-0.573904338980774,-0.661317529518463
582,0.500963025257223,0.407844954855375,1.22407085209814,-0.442282436086158,-0.573904338980774,-1.26808385222891
583,1.61092537381086,-0.171092269590109,0.680253886706623,1.44613446114413,-0.573904338980774,-1.14769065750318
584,-0.531174790012548,-0.270476867207106,-0.775757141803676,-0.580949558370219,-0.573904338980774,-0.846553565787439
585,1.49906845176056,-1.733888653826,-0.0788937979511321,-0.493694500248705,-0.573904338980774,-0.957474960531571
586,1.49906845176056,-1.733888653826,-0.0788937979511321,-0.493694500248705,-0.573904338980774,-0.957474960531571
587,0.174879746334259,-0.249639011919597,-0.222612926137861,-0.542951950933901,-0.573904338980774,-1.22018969596055
588,-0.502146322691763,-0.667767785485427,0.435822110196238,2.42703048892921,-0.573904338980774,-0.910220678998219
589,-0.223269180137499,0.458039073755388,0.525369116499065,-0.525901220337254,-0.573904338980774,-1.27700650769809
590,-0.0921789994763162,-0.0334277124288249,0.737223187587352,-0.308203806590047,-0.573904338980774,-0.972693268317667
591,1.01617782782013,-2.18802233049026,1.20201247320819,2.42703048892921,1.82671506778936,-1.19365297181263
592,-0.472968191950124,0.695372166909615,0.464155208375272,-0.556603007879966,-0.573904338980774,-1.25997638103436
593,1.76780464735376,-1.51964315926574,0.283628866612532,-0.461520749043248,1.82671506778936,-0.734881826046932
594,0.0771831523991167,0.206670374899012,1.31938889518288,-0.29106580542051,-0.573904338980774,-1.18296662478329
595,0.0771831523991167,0.206670374899012,1.31938889518288,-0.29106580542051,-0.573904338980774,-1.18296662478329
596,1.18850457728569,-0.727367883839015,1.00874986583894,-0.431012896106959,0.866467305081307,-1.14578663304531
597,0.553890610613893,-1.73171269500111,0.697472147254979,2.42703048892921,-0.573904338980774,-1.27105304494258
598,0.553890610613893,-1.73171269500111,0.697472147254979,2.42703048892921,-0.573904338980774,-1.27105304494258
